Date,HomeTeam,AwayTeam,goals_home,goals_away,xg_home,xg_away
16/08/2014,Manchester United,Swansea,1,2,1.16635,0.278076
16/08/2014,Leicester,Everton,2,2,1.2783,0.613273
16/08/2014,Queens Park Rangers,Hull,0,1,1.90067,1.11757
16/08/2014,Stoke,Aston Villa,0,1,0.423368,0.909774
16/08/2014,West Bromwich Albion,Sunderland,2,2,1.68343,0.991901
16/08/2014,West Ham,Tottenham,0,1,1.8531,1.01706
16/08/2014,Arsenal,Crystal Palace,2,1,1.55411,0.158151
17/08/2014,Newcastle United,Manchester City,0,2,0.965583,1.48053
17/08/2014,Liverpool,Southampton,2,1,1.33192,1.55248
18/08/2014,Burnley,Chelsea,1,3,0.371141,2.12996
23/08/2014,Everton,Arsenal,2,2,1.33429,1.43355
23/08/2014,Aston Villa,Newcastle United,0,0,0.507525,0.699295
23/08/2014,Chelsea,Leicester,2,0,2.02939,0.550894
23/08/2014,Crystal Palace,West Ham,1,3,0.617283,1.33957
23/08/2014,Southampton,West Bromwich Albion,0,0,0.665853,0.665791
23/08/2014,Swansea,Burnley,1,0,0.914215,0.843331
24/08/2014,Sunderland,Manchester United,1,1,0.666489,0.941557
24/08/2014,Hull,Stoke,1,1,0.870175,1.60916
24/08/2014,Tottenham,Queens Park Rangers,4,0,2.38894,1.07617
25/08/2014,Manchester City,Liverpool,3,1,1.31375,0.901889
30/08/2014,Burnley,Manchester United,0,0,0.513746,0.467281
30/08/2014,Manchester City,Stoke,0,1,0.891768,0.299792
30/08/2014,Newcastle United,Crystal Palace,3,3,1.69776,1.66056
30/08/2014,Queens Park Rangers,Sunderland,1,0,1.27277,0.964343
30/08/2014,Swansea,West Bromwich Albion,3,0,2.02641,0.696665
30/08/2014,West Ham,Southampton,1,3,0.635223,1.57513
30/08/2014,Everton,Chelsea,3,6,1.4491,2.02665
31/08/2014,Aston Villa,Hull,2,1,0.639316,0.28888
31/08/2014,Tottenham,Liverpool,0,3,0.48592,2.74317
31/08/2014,Leicester,Arsenal,1,1,0.809743,2.29649
13/09/2014,Sunderland,Tottenham,2,2,0.338966,2.03694
13/09/2014,Liverpool,Aston Villa,0,1,0.728097,0.701676
13/09/2014,West Bromwich Albion,Everton,0,2,0.602059,0.807492
13/09/2014,Stoke,Leicester,0,1,1.64782,0.598313
13/09/2014,Southampton,Newcastle United,4,0,2.11739,1.15026
13/09/2014,Crystal Palace,Burnley,0,0,0.780534,1.2493
13/09/2014,Chelsea,Swansea,4,2,3.56581,1.02153
13/09/2014,Arsenal,Manchester City,2,2,2.07804,2.30834
14/09/2014,Manchester United,Queens Park Rangers,4,0,2.20911,0.563524
15/09/2014,Hull,West Ham,2,2,0.439084,0.661678
20/09/2014,West Ham,Liverpool,3,1,1.26032,0.37835
20/09/2014,Burnley,Sunderland,0,0,0.710673,0.643512
20/09/2014,Newcastle United,Hull,2,2,1.91632,0.854291
20/09/2014,Swansea,Southampton,0,1,0.520262,0.750244
20/09/2014,Queens Park Rangers,Stoke,2,2,1.05642,1.45847
20/09/2014,Aston Villa,Arsenal,0,3,0.649013,1.36224
21/09/2014,Tottenham,West Bromwich Albion,0,1,0.438596,1.08401
21/09/2014,Leicester,Manchester United,5,3,2.5422,1.71191
21/09/2014,Manchester City,Chelsea,1,1,1.05592,1.02093
21/09/2014,Everton,Crystal Palace,2,3,2.56122,1.62886
27/09/2014,Hull,Manchester City,2,4,1.12374,1.78953
27/09/2014,Arsenal,Tottenham,1,1,1.2647,0.673535
27/09/2014,Sunderland,Swansea,0,0,1.39649,0.156398
27/09/2014,Crystal Palace,Leicester,2,0,2.1144,0.453547
27/09/2014,Liverpool,Everton,1,1,1.5286,0.475885
27/09/2014,Southampton,Queens Park Rangers,2,1,2.34463,0.456323
27/09/2014,Manchester United,West Ham,2,1,0.520246,1.27452
27/09/2014,Chelsea,Aston Villa,3,0,3.14218,0.228896
28/09/2014,West Bromwich Albion,Burnley,4,0,1.81127,0.473814
29/09/2014,Stoke,Newcastle United,1,0,1.56203,1.13994
04/10/2014,Aston Villa,Manchester City,0,2,0.690283,2.30634
04/10/2014,Hull,Crystal Palace,2,0,1.07209,0.616109
04/10/2014,Leicester,Burnley,2,2,1.57773,0.957718
04/10/2014,Liverpool,West Bromwich Albion,2,1,1.56163,1.4384
04/10/2014,Sunderland,Stoke,3,1,1.40551,0.478187
04/10/2014,Swansea,Newcastle United,2,2,1.55242,1.18603
05/10/2014,West Ham,Queens Park Rangers,2,0,1.64038,0.697342
05/10/2014,Chelsea,Arsenal,2,0,1.40263,0.330699
05/10/2014,Tottenham,Southampton,1,0,0.898735,1.14587
05/10/2014,Manchester United,Everton,2,1,1.6239,2.13558
18/10/2014,Manchester City,Tottenham,4,1,3.75041,2.32314
18/10/2014,Everton,Aston Villa,3,0,1.67016,0.37205
18/10/2014,Burnley,West Ham,1,3,1.74404,2.84138
18/10/2014,Crystal Palace,Chelsea,1,2,1.16779,1.01515
18/10/2014,Southampton,Sunderland,8,0,3.71097,0.92175
18/10/2014,Newcastle United,Leicester,1,0,2.1929,0.650379
18/10/2014,Arsenal,Hull,2,2,2.14845,0.552062
19/10/2014,Queens Park Rangers,Liverpool,2,3,2.60852,1.51813
19/10/2014,Stoke,Swansea,2,1,1.75841,2.26827
20/10/2014,West Bromwich Albion,Manchester United,2,2,0.61662,0.934042
25/10/2014,Liverpool,Hull,0,0,0.678924,0.222999
25/10/2014,West Bromwich Albion,Crystal Palace,2,2,1.45724,1.77354
25/10/2014,Swansea,Leicester,2,0,1.05601,0.773436
25/10/2014,Southampton,Stoke,1,0,1.3758,0.867568
25/10/2014,West Ham,Manchester City,2,1,2.62631,1.8643
25/10/2014,Sunderland,Arsenal,0,2,0.441491,1.47081
26/10/2014,Tottenham,Newcastle United,1,2,2.03729,0.73967
26/10/2014,Burnley,Everton,1,3,1.55564,1.32187
26/10/2014,Manchester United,Chelsea,1,1,1.84074,0.989916
27/10/2014,Queens Park Rangers,Aston Villa,2,0,0.81667,1.18709
01/11/2014,Hull,Southampton,0,1,0.256678,1.90484
01/11/2014,Everton,Swansea,0,0,1.14779,0.694419
01/11/2014,Chelsea,Queens Park Rangers,2,1,2.23703,0.510067
01/11/2014,Leicester,West Bromwich Albion,0,1,1.41001,0.562442
01/11/2014,Stoke,West Ham,2,2,3.06954,0.528668
01/11/2014,Newcastle United,Liverpool,1,0,1.56863,0.258953
01/11/2014,Arsenal,Burnley,3,0,4.3298,0.684259
02/11/2014,Manchester City,Manchester United,1,0,2.56723,0.727924
02/11/2014,Aston Villa,Tottenham,1,2,0.872267,2.54173
03/11/2014,Crystal Palace,Sunderland,1,3,0.766023,0.727981
08/11/2014,Southampton,Leicester,2,0,1.00528,0.540434
08/11/2014,Queens Park Rangers,Manchester City,2,2,1.86489,1.70189
08/11/2014,Manchester United,Crystal Palace,1,0,0.956776,0.400837
08/11/2014,Burnley,Hull,1,0,1.10315,0.526656
08/11/2014,Liverpool,Chelsea,1,2,0.531905,1.97201
08/11/2014,West Ham,Aston Villa,0,0,1.47873,0.560875
09/11/2014,Sunderland,Everton,1,1,0.508326,1.31898
09/11/2014,Tottenham,Stoke,1,2,1.28384,1.24867
09/11/2014,West Bromwich Albion,Newcastle United,0,2,0.765208,0.694441
09/11/2014,Swansea,Arsenal,2,1,0.520487,1.77699
22/11/2014,Stoke,Burnley,1,2,1.94307,1.27532
22/11/2014,Newcastle United,Queens Park Rangers,1,0,1.47871,0.402285
22/11/2014,Manchester City,Swansea,2,1,2.26312,0.957011
22/11/2014,Leicester,Sunderland,0,0,0.685893,0.889971
22/11/2014,Everton,West Ham,2,1,1.82651,1.11958
22/11/2014,Chelsea,West Bromwich Albion,2,0,4.36607,0.0930471
22/11/2014,Arsenal,Manchester United,1,2,2.00193,1.2791
23/11/2014,Crystal Palace,Liverpool,3,1,1.47309,0.952958
23/11/2014,Hull,Tottenham,1,2,0.94244,2.16438
24/11/2014,Aston Villa,Southampton,1,1,1.13228,0.863156
29/11/2014,West Bromwich Albion,Arsenal,0,1,0.31526,1.05603
29/11/2014,West Ham,Newcastle United,1,0,1.09981,0.246562
29/11/2014,Swansea,Crystal Palace,1,1,1.4626,1.50956
29/11/2014,Liverpool,Stoke,1,0,1.71025,0.875424
29/11/2014,Manchester United,Hull,3,0,1.76885,0.230407
29/11/2014,Queens Park Rangers,Leicester,3,2,2.98194,2.10013
29/11/2014,Burnley,Aston Villa,1,1,2.3058,1.0873
29/11/2014,Sunderland,Chelsea,0,0,1.03133,0.761171
30/11/2014,Southampton,Manchester City,0,3,0.804381,2.13214
30/11/2014,Tottenham,Everton,2,1,1.13109,0.934335
02/12/2014,Swansea,Queens Park Rangers,2,0,1.54207,0.789519
02/12/2014,Manchester United,Stoke,2,1,1.91104,1.29092
02/12/2014,Crystal Palace,Aston Villa,0,1,0.801741,0.192439
02/12/2014,Burnley,Newcastle United,1,1,0.678486,1.0006
02/12/2014,Leicester,Liverpool,1,3,1.23928,1.3012
02/12/2014,West Bromwich Albion,West Ham,1,2,1.41302,1.24431
03/12/2014,Arsenal,Southampton,1,0,2.37332,0.570955
03/12/2014,Sunderland,Manchester City,1,4,0.412004,1.0386
03/12/2014,Chelsea,Tottenham,3,0,1.71947,0.289204
03/12/2014,Everton,Hull,1,1,1.27965,0.29547
06/12/2014,Newcastle United,Chelsea,2,1,1.48574,2.16232
06/12/2014,Queens Park Rangers,Burnley,2,0,1.63744,1.2646
06/12/2014,Stoke,Arsenal,3,2,2.50357,2.02073
06/12/2014,Tottenham,Crystal Palace,0,0,0.958788,1.17369
06/12/2014,Hull,West Bromwich Albion,0,0,0.586305,1.06151
06/12/2014,Liverpool,Sunderland,0,0,0.663875,0.268395
06/12/2014,Manchester City,Everton,1,0,2.2487,0.385845
07/12/2014,West Ham,Swansea,3,1,2.11509,0.998148
07/12/2014,Aston Villa,Leicester,2,1,1.97697,1.0083
08/12/2014,Southampton,Manchester United,1,2,1.8287,0.799261
13/12/2014,Arsenal,Newcastle United,4,1,2.38819,0.938764
13/12/2014,Leicester,Manchester City,0,1,0.360608,1.13411
13/12/2014,Sunderland,West Ham,1,1,1.33557,0.870324
13/12/2014,West Bromwich Albion,Aston Villa,1,0,1.4373,0.266303
13/12/2014,Crystal Palace,Stoke,1,1,0.498092,0.898532
13/12/2014,Chelsea,Hull,2,0,1.21862,0.435091
13/12/2014,Burnley,Southampton,1,0,0.396158,1.713
14/12/2014,Manchester United,Liverpool,3,0,1.79543,1.87114
14/12/2014,Swansea,Tottenham,1,2,1.67826,0.731022
15/12/2014,Everton,Queens Park Rangers,3,1,0.747708,0.972265
20/12/2014,Manchester City,Crystal Palace,3,0,1.41484,0.760531
20/12/2014,West Ham,Leicester,2,0,1.45134,0.659983
20/12/2014,Tottenham,Burnley,2,1,1.77346,0.655135
20/12/2014,Queens Park Rangers,West Bromwich Albion,3,2,2.92864,1.30117
20/12/2014,Southampton,Everton,3,0,2.21266,0.597999
20/12/2014,Aston Villa,Manchester United,1,1,0.575806,1.06851
20/12/2014,Hull,Swansea,0,1,0.825885,1.45331
21/12/2014,Newcastle United,Sunderland,0,1,0.900259,2.18418
21/12/2014,Liverpool,Arsenal,2,2,1.31858,0.754219
22/12/2014,Stoke,Chelsea,0,2,0.411669,1.45482
26/12/2014,Crystal Palace,Southampton,1,3,0.379447,1.30288
26/12/2014,Leicester,Tottenham,1,2,1.47301,1.35719
26/12/2014,Manchester United,Newcastle United,3,1,1.86147,1.03151
26/12/2014,Arsenal,Queens Park Rangers,2,1,2.13888,1.21752
26/12/2014,Everton,Stoke,0,1,1.00929,1.39552
26/12/2014,Chelsea,West Ham,2,0,3.56764,0.45944
26/12/2014,Sunderland,Hull,1,3,1.35551,0.85573
26/12/2014,Swansea,Aston Villa,1,0,0.601468,1.41578
26/12/2014,Burnley,Liverpool,0,1,0.61207,1.06708
26/12/2014,West Bromwich Albion,Manchester City,1,3,2.64442,2.10224
28/12/2014,Newcastle United,Everton,3,2,1.71345,1.07321
28/12/2014,West Ham,Arsenal,1,2,1.1084,3.35886
28/12/2014,Aston Villa,Sunderland,0,0,0.650993,0.845626
28/12/2014,Manchester City,Burnley,2,2,1.38586,0.962215
28/12/2014,Stoke,West Bromwich Albion,2,0,1.25399,1.35813
28/12/2014,Queens Park Rangers,Crystal Palace,0,0,0.405679,0.328577
28/12/2014,Southampton,Chelsea,1,1,0.528455,0.521788
28/12/2014,Tottenham,Manchester United,0,0,0.888,2.2613
28/12/2014,Hull,Leicester,0,1,1.72314,0.180127
29/12/2014,Liverpool,Swansea,4,1,3.27658,1.00374
01/01/2015,Liverpool,Leicester,2,2,2.38944,1.09438
01/01/2015,Stoke,Manchester United,1,1,1.4082,0.932262
01/01/2015,Manchester City,Sunderland,3,2,3.63333,0.979558
01/01/2015,Newcastle United,Burnley,3,3,1.24639,1.65582
01/01/2015,Queens Park Rangers,Swansea,1,1,3.16214,1.69725
01/01/2015,Southampton,Arsenal,2,0,2.41442,0.849285
01/01/2015,West Ham,West Bromwich Albion,1,1,1.13586,1.1226
01/01/2015,Aston Villa,Crystal Palace,0,0,1.38709,0.575995
01/01/2015,Hull,Everton,2,0,1.95682,0.957698
01/01/2015,Tottenham,Chelsea,5,3,1.82436,3.03274
10/01/2015,Leicester,Aston Villa,1,0,2.36522,0.606149
10/01/2015,Crystal Palace,Tottenham,2,1,2.85997,0.919178
10/01/2015,Everton,Manchester City,1,1,0.95041,1.50724
10/01/2015,Chelsea,Newcastle United,2,0,1.08131,0.394837
10/01/2015,Burnley,Queens Park Rangers,2,1,2.19126,1.69555
10/01/2015,West Bromwich Albion,Hull,1,0,0.784159,0.395844
10/01/2015,Swansea,West Ham,1,1,1.54943,0.731228
10/01/2015,Sunderland,Liverpool,0,1,0.250077,2.16251
11/01/2015,Arsenal,Stoke,3,0,2.26889,0.39839
11/01/2015,Manchester United,Southampton,0,1,1.19228,1.15706
17/01/2015,Newcastle United,Southampton,1,2,0.856732,0.432026
17/01/2015,Tottenham,Sunderland,2,1,0.931537,1.19577
17/01/2015,Swansea,Chelsea,0,5,0.214209,3.19733
17/01/2015,Queens Park Rangers,Manchester United,0,2,0.929623,1.55645
17/01/2015,Leicester,Stoke,0,1,0.382481,0.715634
17/01/2015,Burnley,Crystal Palace,2,3,1.08428,0.528431
17/01/2015,Aston Villa,Liverpool,0,2,0.845309,1.54424
18/01/2015,West Ham,Hull,3,0,2.68629,0.423719
18/01/2015,Manchester City,Arsenal,0,2,0.561966,1.49476
19/01/2015,Everton,West Bromwich Albion,0,0,1.4927,0.196316
31/01/2015,Chelsea,Manchester City,1,1,0.708923,0.907151
31/01/2015,Crystal Palace,Everton,0,1,1.21034,1.35977
31/01/2015,West Bromwich Albion,Tottenham,0,3,0.808495,1.34429
31/01/2015,Sunderland,Burnley,2,0,1.89994,1.34786
31/01/2015,Hull,Newcastle United,0,3,0.989377,0.50926
31/01/2015,Manchester United,Leicester,3,1,1.7369,0.380882
31/01/2015,Liverpool,West Ham,2,0,2.28203,0.383092
31/01/2015,Stoke,Queens Park Rangers,3,1,0.782569,1.11577
01/02/2015,Arsenal,Aston Villa,5,0,2.35805,0.714521
01/02/2015,Southampton,Swansea,0,1,1.62682,0.262557
07/02/2015,Everton,Liverpool,0,0,0.227711,1.03601
07/02/2015,Tottenham,Arsenal,2,1,1.2754,0.834136
07/02/2015,Aston Villa,Chelsea,1,2,0.707847,1.11662
07/02/2015,Swansea,Sunderland,1,1,1.86428,0.143279
07/02/2015,Leicester,Crystal Palace,0,1,0.7797,1.00613
07/02/2015,Manchester City,Hull,1,1,0.992526,1.13348
07/02/2015,Queens Park Rangers,Southampton,0,1,1.03037,0.963892
08/02/2015,West Ham,Manchester United,1,1,0.86518,1.21344
08/02/2015,Burnley,West Bromwich Albion,2,2,1.09795,2.55442
08/02/2015,Newcastle United,Stoke,1,1,0.789943,0.220357
10/02/2015,Arsenal,Leicester,2,1,1.77095,0.799802
10/02/2015,Sunderland,Queens Park Rangers,0,2,1.80831,1.26883
10/02/2015,Hull,Aston Villa,2,0,0.985975,0.423817
10/02/2015,Liverpool,Tottenham,3,2,2.76444,1.71247
11/02/2015,Chelsea,Everton,1,0,0.89846,0.706994
11/02/2015,Stoke,Manchester City,1,4,0.745602,2.13611
11/02/2015,Manchester United,Burnley,3,1,1.62116,1.85067
11/02/2015,Southampton,West Ham,0,0,1.68446,0.125464
11/02/2015,Crystal Palace,Newcastle United,1,1,0.932684,0.444535
11/02/2015,West Bromwich Albion,Swansea,2,0,0.685986,0.438959
21/02/2015,Sunderland,West Bromwich Albion,0,0,0.699828,0.107318
21/02/2015,Manchester City,Newcastle United,5,0,3.12533,0.166685
21/02/2015,Hull,Queens Park Rangers,2,1,1.09259,0.190631
21/02/2015,Swansea,Manchester United,2,1,1.04218,1.47171
21/02/2015,Crystal Palace,Arsenal,1,2,2.26395,2.08054
21/02/2015,Chelsea,Burnley,1,1,1.53973,0.513251
21/02/2015,Aston Villa,Stoke,1,2,0.234004,1.11955
22/02/2015,Tottenham,West Ham,2,2,2.17554,2.20831
22/02/2015,Everton,Leicester,2,2,2.05032,1.99519
22/02/2015,Southampton,Liverpool,0,2,0.869183,0.695778
28/02/2015,West Ham,Crystal Palace,1,3,1.28506,0.851359
28/02/2015,West Bromwich Albion,Southampton,1,0,1.08916,0.579867
28/02/2015,Stoke,Hull,1,0,0.895577,0.344489
28/02/2015,Newcastle United,Aston Villa,1,0,0.93198,0.773437
28/02/2015,Burnley,Swansea,0,1,0.898885,1.41451
28/02/2015,Manchester United,Sunderland,2,0,3.03534,0.272806
01/03/2015,Liverpool,Manchester City,2,1,0.769022,1.12846
01/03/2015,Arsenal,Everton,2,0,1.39298,0.367813
03/03/2015,Hull,Sunderland,1,1,1.3938,1.23136
03/03/2015,Aston Villa,West Bromwich Albion,2,1,1.9201,0.905628
03/03/2015,Southampton,Crystal Palace,1,0,2.22869,0.392674
04/03/2015,Tottenham,Swansea,3,2,2.13485,0.708217
04/03/2015,Queens Park Rangers,Arsenal,1,2,0.318849,2.1651
04/03/2015,Stoke,Everton,2,0,1.03921,0.418315
04/03/2015,Liverpool,Burnley,2,0,1.30453,0.319239
04/03/2015,Manchester City,Leicester,2,0,2.91599,0.217043
04/03/2015,Newcastle United,Manchester United,0,1,1.19246,1.68865
04/03/2015,West Ham,Chelsea,0,1,1.46324,2.38358
07/03/2015,Queens Park Rangers,Tottenham,1,2,1.49775,2.62405
14/03/2015,Crystal Palace,Queens Park Rangers,3,1,2.20095,0.266048
14/03/2015,Arsenal,West Ham,3,0,3.19619,0.478172
14/03/2015,Leicester,Hull,0,0,0.53913,1.0475
14/03/2015,West Bromwich Albion,Stoke,1,0,0.958807,0.198751
14/03/2015,Sunderland,Aston Villa,0,4,0.472898,1.50195
14/03/2015,Burnley,Manchester City,1,0,0.242058,1.2576
15/03/2015,Chelsea,Southampton,1,1,3.19317,1.82802
15/03/2015,Everton,Newcastle United,3,0,2.25807,0.809194
15/03/2015,Manchester United,Tottenham,3,0,1.02781,0.206431
16/03/2015,Swansea,Liverpool,0,1,0.438751,1.69506
21/03/2015,Southampton,Burnley,2,0,1.92097,1.05022
21/03/2015,West Ham,Sunderland,1,0,0.99619,0.536562
21/03/2015,Newcastle United,Arsenal,1,2,1.0068,0.754782
21/03/2015,Stoke,Crystal Palace,1,2,2.07851,2.14974
21/03/2015,Tottenham,Leicester,4,3,2.82935,2.722
21/03/2015,Aston Villa,Swansea,0,1,0.762371,1.90437
21/03/2015,Manchester City,West Bromwich Albion,3,0,4.90913,0.775158
22/03/2015,Liverpool,Manchester United,1,2,0.557648,1.22632
22/03/2015,Hull,Chelsea,2,3,1.32415,0.758601
22/03/2015,Queens Park Rangers,Everton,1,2,1.39318,0.839996
04/04/2015,Arsenal,Liverpool,4,1,1.45672,1.21414
04/04/2015,Everton,Southampton,1,0,1.02048,0.533646
04/04/2015,Leicester,West Ham,2,1,3.43561,1.93553
04/04/2015,Manchester United,Aston Villa,3,1,1.9836,0.311787
04/04/2015,Swansea,Hull,3,1,1.49943,0.919329
04/04/2015,West Bromwich Albion,Queens Park Rangers,1,4,2.13361,1.20939
04/04/2015,Chelsea,Stoke,2,1,3.28546,0.277288
05/04/2015,Sunderland,Newcastle United,1,0,0.829443,0.798234
05/04/2015,Burnley,Tottenham,0,0,1.51355,0.377376
06/04/2015,Crystal Palace,Manchester City,2,1,1.32783,1.1129
07/04/2015,Aston Villa,Queens Park Rangers,3,3,1.86698,1.43061
11/04/2015,Swansea,Everton,1,1,1.09678,0.842056
11/04/2015,Sunderland,Crystal Palace,1,4,0.617079,2.34787
11/04/2015,Southampton,Hull,2,0,2.37369,0.737337
11/04/2015,West Ham,Stoke,1,1,0.604708,0.587985
11/04/2015,Tottenham,Aston Villa,0,1,0.621738,0.860976
11/04/2015,West Bromwich Albion,Leicester,2,3,0.968439,1.6874
11/04/2015,Burnley,Arsenal,0,1,0.65718,1.21096
12/04/2015,Queens Park Rangers,Chelsea,0,1,0.780982,0.920984
12/04/2015,Manchester United,Manchester City,4,2,2.66017,1.75844
13/04/2015,Liverpool,Newcastle United,2,0,1.26534,0.363343
18/04/2015,Stoke,Southampton,2,1,2.26451,1.36108
18/04/2015,Leicester,Swansea,2,0,2.57043,0.87346
18/04/2015,Chelsea,Manchester United,1,0,1.1493,0.744613
18/04/2015,Everton,Burnley,1,0,2.36114,1.06159
18/04/2015,Crystal Palace,West Bromwich Albion,0,2,2.0561,0.698022
19/04/2015,Manchester City,West Ham,2,0,2.05138,0.738105
19/04/2015,Newcastle United,Tottenham,1,3,0.938886,1.99862
25/04/2015,Southampton,Tottenham,2,2,1.39327,0.531276
25/04/2015,Queens Park Rangers,West Ham,0,0,2.28143,0.824309
25/04/2015,Newcastle United,Swansea,2,3,1.54939,1.58825
25/04/2015,West Bromwich Albion,Liverpool,0,0,0.507754,1.41235
25/04/2015,Stoke,Sunderland,1,1,2.15079,2.17523
25/04/2015,Burnley,Leicester,0,1,1.98975,1.21926
25/04/2015,Crystal Palace,Hull,0,2,0.913865,2.37709
25/04/2015,Manchester City,Aston Villa,3,2,1.1892,0.901376
26/04/2015,Everton,Manchester United,3,0,1.07922,0.750462
26/04/2015,Arsenal,Chelsea,0,0,1.07482,0.853305
28/04/2015,Hull,Liverpool,1,0,0.730978,0.523697
29/04/2015,Leicester,Chelsea,1,3,0.600074,1.51717
02/05/2015,West Ham,Burnley,1,0,3.23925,0.758485
02/05/2015,Manchester United,West Bromwich Albion,0,1,2.10841,0.317533
02/05/2015,Sunderland,Southampton,2,1,1.97694,0.906357
02/05/2015,Swansea,Stoke,2,0,2.07645,0.324134
02/05/2015,Liverpool,Queens Park Rangers,2,1,2.28745,0.386314
02/05/2015,Leicester,Newcastle United,3,0,4.02694,0.485003
02/05/2015,Aston Villa,Everton,3,2,1.56179,1.4049
03/05/2015,Chelsea,Crystal Palace,1,0,1.5619,0.41646
03/05/2015,Tottenham,Manchester City,0,1,2.07027,1.80612
04/05/2015,Hull,Arsenal,1,3,0.474706,2.94938
09/05/2015,Everton,Sunderland,0,2,1.14341,1.19799
09/05/2015,Hull,Burnley,0,1,1.12811,1.21303
09/05/2015,Aston Villa,West Ham,1,0,1.26585,0.149381
09/05/2015,Leicester,Southampton,2,0,1.64129,0.348109
09/05/2015,Newcastle United,West Bromwich Albion,1,1,1.23706,1.21081
09/05/2015,Stoke,Tottenham,3,0,2.138,0.298008
09/05/2015,Crystal Palace,Manchester United,1,2,1.04344,2.29775
10/05/2015,Manchester City,Queens Park Rangers,6,0,5.35103,0.872314
10/05/2015,Chelsea,Liverpool,1,1,0.535272,1.33324
11/05/2015,Arsenal,Swansea,0,1,1.88364,0.347185
16/05/2015,Southampton,Aston Villa,6,1,3.59558,1.18593
16/05/2015,Queens Park Rangers,Newcastle United,2,1,0.470106,2.11207
16/05/2015,Sunderland,Leicester,0,0,0.935248,0.682972
16/05/2015,Tottenham,Hull,2,0,1.70119,1.13285
16/05/2015,West Ham,Everton,1,2,0.813296,2.07078
16/05/2015,Burnley,Stoke,0,0,0.909845,1.76276
16/05/2015,Liverpool,Crystal Palace,1,3,1.11415,1.99504
17/05/2015,Swansea,Manchester City,2,4,1.06125,2.28119
17/05/2015,Manchester United,Arsenal,1,1,0.715214,1.06814
18/05/2015,West Bromwich Albion,Chelsea,3,0,1.22743,1.07679
20/05/2015,Arsenal,Sunderland,0,0,1.68909,1.50177
24/05/2015,Newcastle United,West Ham,2,0,1.64216,0.416396
24/05/2015,Manchester City,Southampton,2,0,2.44073,0.775853
24/05/2015,Stoke,Liverpool,6,1,2.15707,1.02292
24/05/2015,Hull,Manchester United,0,0,0.984196,0.399522
24/05/2015,Leicester,Queens Park Rangers,5,1,2.17428,1.26755
24/05/2015,Arsenal,West Bromwich Albion,4,1,3.16614,0.569092
24/05/2015,Crystal Palace,Swansea,1,0,1.07504,0.118613
24/05/2015,Chelsea,Sunderland,3,1,2.52912,1.39272
24/05/2015,Aston Villa,Burnley,0,1,0.654751,0.66113
24/05/2015,Everton,Tottenham,0,1,0.646215,1.39049
08/08/2015,Chelsea,Swansea,2,2,0.64396,2.59203
08/08/2015,Leicester,Sunderland,4,2,2.56803,1.45946
08/08/2015,Norwich,Crystal Palace,1,3,1.13076,2.10975
08/08/2015,Bournemouth,Aston Villa,0,1,0.876106,0.782253
08/08/2015,Manchester United,Tottenham,1,0,0.627539,0.6746
08/08/2015,Everton,Watford,2,2,0.604226,0.557892
09/08/2015,Newcastle United,Southampton,2,2,1.54613,1.2529
09/08/2015,Arsenal,West Ham,0,2,1.33166,0.535961
09/08/2015,Stoke,Liverpool,0,1,0.381274,0.329873
10/08/2015,West Bromwich Albion,Manchester City,0,3,0.435238,1.9242
14/08/2015,Aston Villa,Manchester United,0,1,0.219118,0.660404
15/08/2015,West Ham,Leicester,1,2,0.513491,1.80939
15/08/2015,Watford,West Bromwich Albion,0,0,0.760848,0.684036
15/08/2015,Tottenham,Stoke,2,2,1.70614,2.80956
15/08/2015,Sunderland,Norwich,1,3,0.329128,1.71686
15/08/2015,Southampton,Everton,0,3,1.06214,1.39628
15/08/2015,Swansea,Newcastle United,2,0,1.97424,0.113109
16/08/2015,Crystal Palace,Arsenal,1,2,0.964134,2.05542
16/08/2015,Manchester City,Chelsea,3,0,2.18579,0.482423
17/08/2015,Liverpool,Bournemouth,1,0,2.15062,0.460805
22/08/2015,Manchester United,Newcastle United,0,0,1.2491,0.4384
22/08/2015,Norwich,Stoke,1,1,3.14888,0.698228
22/08/2015,Sunderland,Swansea,1,1,0.569426,1.56064
22/08/2015,Crystal Palace,Aston Villa,2,1,1.23807,0.765278
22/08/2015,Leicester,Tottenham,1,1,0.829012,1.89437
22/08/2015,West Ham,Bournemouth,3,4,1.50203,2.8554
23/08/2015,Watford,Southampton,0,0,1.17588,0.68359
23/08/2015,West Bromwich Albion,Chelsea,2,3,1.42622,2.02778
23/08/2015,Everton,Manchester City,0,2,0.579338,1.57983
24/08/2015,Arsenal,Liverpool,0,0,1.83755,1.29206
29/08/2015,Liverpool,West Ham,0,3,0.561737,0.97217
29/08/2015,Manchester City,Watford,2,0,1.52895,0.363603
29/08/2015,Tottenham,Everton,0,0,1.99917,0.694692
29/08/2015,Chelsea,Crystal Palace,1,2,1.27906,2.19283
29/08/2015,Aston Villa,Sunderland,2,2,2.27406,0.368848
29/08/2015,Stoke,West Bromwich Albion,0,1,1.21771,0.881194
29/08/2015,Newcastle United,Arsenal,0,1,0.0319694,2.33948
29/08/2015,Bournemouth,Leicester,1,1,0.321432,0.919097
30/08/2015,Southampton,Norwich,3,0,2.85501,0.639434
30/08/2015,Swansea,Manchester United,2,1,0.971183,1.28089
12/09/2015,Manchester United,Liverpool,3,1,1.46206,1.02572
12/09/2015,Norwich,Bournemouth,3,1,1.33151,0.389495
12/09/2015,West Bromwich Albion,Southampton,0,0,0.409143,1.00731
12/09/2015,Watford,Swansea,1,0,1.57333,0.503008
12/09/2015,Crystal Palace,Manchester City,0,1,0.743193,3.08883
12/09/2015,Arsenal,Stoke,2,0,4.42684,0.191277
12/09/2015,Everton,Chelsea,3,1,1.18026,0.656048
13/09/2015,Sunderland,Tottenham,0,1,1.0407,1.45615
13/09/2015,Leicester,Aston Villa,3,2,1.34987,0.953181
14/09/2015,West Ham,Newcastle United,2,0,1.71282,0.716599
19/09/2015,Manchester City,West Ham,1,2,2.98465,0.995273
19/09/2015,Swansea,Everton,0,0,0.864868,1.77458
19/09/2015,Stoke,Leicester,2,2,1.14717,1.22582
19/09/2015,Chelsea,Arsenal,2,0,2.0687,0.775312
19/09/2015,Aston Villa,West Bromwich Albion,0,1,0.876719,0.632761
19/09/2015,Newcastle United,Watford,1,2,1.15114,1.33961
19/09/2015,Bournemouth,Sunderland,2,0,0.644335,0.854867
20/09/2015,Tottenham,Crystal Palace,1,0,1.01573,0.538439
20/09/2015,Southampton,Manchester United,2,3,1.83663,1.65119
20/09/2015,Liverpool,Norwich,1,1,1.90447,0.556271
26/09/2015,West Ham,Norwich,2,2,2.60407,1.38603
26/09/2015,Tottenham,Manchester City,4,1,2.30799,1.57842
26/09/2015,Southampton,Swansea,3,1,1.55418,1.41962
26/09/2015,Stoke,Bournemouth,2,1,1.94483,0.871678
26/09/2015,Leicester,Arsenal,2,5,1.38516,3.89623
26/09/2015,Liverpool,Aston Villa,3,2,1.78331,0.892054
26/09/2015,Manchester United,Sunderland,3,0,2.8971,0.832139
26/09/2015,Newcastle United,Chelsea,2,2,0.702109,1.30593
27/09/2015,Watford,Crystal Palace,0,1,0.685939,2.33566
28/09/2015,West Bromwich Albion,Everton,2,3,1.27511,2.30159
03/10/2015,Crystal Palace,West Bromwich Albion,2,0,1.99083,0.255528
03/10/2015,Aston Villa,Stoke,0,1,0.839028,1.03499
03/10/2015,Bournemouth,Watford,1,1,1.50268,0.913291
03/10/2015,Manchester City,Newcastle United,6,1,3.3346,0.980279
03/10/2015,Norwich,Leicester,1,2,1.18074,3.00282
03/10/2015,Sunderland,West Ham,2,2,1.08401,1.93656
03/10/2015,Chelsea,Southampton,1,3,0.520175,1.58246
04/10/2015,Everton,Liverpool,1,1,1.20063,1.30844
04/10/2015,Swansea,Tottenham,2,2,0.774806,1.18142
04/10/2015,Arsenal,Manchester United,3,0,2.16952,1.03953
17/10/2015,Watford,Arsenal,0,3,0.254791,2.69046
17/10/2015,Manchester City,Bournemouth,5,1,4.71274,0.173025
17/10/2015,Crystal Palace,West Ham,1,3,1.08391,2.76356
17/10/2015,Everton,Manchester United,0,3,0.653457,1.47853
17/10/2015,West Bromwich Albion,Sunderland,1,0,2.07781,0.658473
17/10/2015,Southampton,Leicester,2,2,1.46668,2.78648
17/10/2015,Tottenham,Liverpool,0,0,0.586228,0.715892
17/10/2015,Chelsea,Aston Villa,2,0,1.22875,0.795846
18/10/2015,Newcastle United,Norwich,6,2,2.24896,1.34395
19/10/2015,Swansea,Stoke,0,1,0.485489,1.64894
24/10/2015,Arsenal,Everton,2,1,2.55754,0.373025
24/10/2015,Stoke,Watford,0,2,0.848432,1.0403
24/10/2015,Norwich,West Bromwich Albion,0,1,1.03228,1.45436
24/10/2015,Leicester,Crystal Palace,1,0,1.33502,0.240008
24/10/2015,Aston Villa,Swansea,1,2,1.09516,1.74353
24/10/2015,West Ham,Chelsea,2,1,0.77284,1.1356
25/10/2015,Sunderland,Newcastle United,3,0,2.37969,1.41744
25/10/2015,Bournemouth,Tottenham,1,5,0.490581,3.43313
25/10/2015,Manchester United,Manchester City,0,0,0.391754,0.310718
25/10/2015,Liverpool,Southampton,1,1,0.682823,1.56383
31/10/2015,West Bromwich Albion,Leicester,2,3,1.50447,2.22545
31/10/2015,Watford,West Ham,2,0,1.61544,0.605625
31/10/2015,Newcastle United,Stoke,0,0,1.26075,1.38017
31/10/2015,Swansea,Arsenal,0,3,0.264441,2.17657
31/10/2015,Crystal Palace,Manchester United,0,0,0.939118,0.394404
31/10/2015,Chelsea,Liverpool,1,3,0.735762,0.839342
31/10/2015,Manchester City,Norwich,2,1,2.83557,1.17497
01/11/2015,Everton,Sunderland,6,2,2.34852,1.21834
01/11/2015,Southampton,Bournemouth,2,0,1.15966,0.712132
03/11/2015,Tottenham,Aston Villa,3,1,1.14374,0.325711
07/11/2015,Stoke,Chelsea,1,0,0.825418,1.02642
07/11/2015,Sunderland,Southampton,0,1,0.299104,1.79578
07/11/2015,West Ham,Everton,1,1,0.589567,1.08814
07/11/2015,Norwich,Swansea,1,0,1.19517,0.402284
07/11/2015,Manchester United,West Bromwich Albion,2,0,1.2779,0.594031
07/11/2015,Leicester,Watford,2,1,1.56389,1.00531
07/11/2015,Bournemouth,Newcastle United,0,1,1.00427,0.504409
08/11/2015,Aston Villa,Manchester City,0,0,0.182741,1.53281
08/11/2015,Arsenal,Tottenham,1,1,2.01767,0.90585
08/11/2015,Liverpool,Crystal Palace,1,2,2.15673,0.849281
21/11/2015,Manchester City,Liverpool,1,4,1.08612,2.61697
21/11/2015,Chelsea,Norwich,1,0,2.16487,0.202798
21/11/2015,Everton,Aston Villa,4,0,2.83068,0.322061
21/11/2015,Newcastle United,Leicester,0,3,0.372387,3.27478
21/11/2015,Watford,Manchester United,1,2,1.47077,1.30264
21/11/2015,Southampton,Stoke,0,1,0.709485,1.19495
21/11/2015,Swansea,Bournemouth,2,2,1.88526,1.58509
21/11/2015,West Bromwich Albion,Arsenal,2,1,0.332888,2.08956
22/11/2015,Tottenham,West Ham,4,1,3.22353,0.818937
24/11/2015,Crystal Palace,Sunderland,0,1,0.696183,1.30739
28/11/2015,Leicester,Manchester United,1,1,0.876256,1.05613
28/11/2015,Sunderland,Stoke,2,0,0.863466,0.79464
28/11/2015,Aston Villa,Watford,2,3,1.48969,1.45176
28/11/2015,Bournemouth,Everton,3,3,1.69105,0.729005
28/11/2015,Crystal Palace,Newcastle United,5,1,1.67836,0.791299
28/11/2015,Manchester City,Southampton,3,1,2.12331,1.24478
29/11/2015,Liverpool,Swansea,1,0,1.19358,0.367517
29/11/2015,Norwich,Arsenal,1,1,1.01025,1.65699
29/11/2015,Tottenham,Chelsea,0,0,0.333494,0.283375
29/11/2015,West Ham,West Bromwich Albion,1,1,1.41404,0.866305
05/12/2015,Stoke,Manchester City,2,0,2.01436,0.483752
05/12/2015,Southampton,Aston Villa,1,1,2.86051,1.058
05/12/2015,Manchester United,West Ham,0,0,1.76061,1.10206
05/12/2015,Arsenal,Sunderland,3,1,2.29559,1.5228
05/12/2015,Chelsea,Bournemouth,0,1,1.66952,1.25911
05/12/2015,Watford,Norwich,2,0,2.07199,0.310524
05/12/2015,Swansea,Leicester,0,3,0.780602,2.20962
05/12/2015,West Bromwich Albion,Tottenham,1,1,1.48695,1.12876
06/12/2015,Newcastle United,Liverpool,2,0,0.646346,0.999043
08/12/2015,Everton,Crystal Palace,1,1,1.69774,1.1905
12/12/2015,Bournemouth,Manchester United,2,1,1.05032,1.96768
12/12/2015,Norwich,Everton,1,1,1.49283,2.43558
12/12/2015,Manchester City,Swansea,2,1,1.34338,0.962789
12/12/2015,Sunderland,Watford,0,1,0.879474,2.0562
12/12/2015,Crystal Palace,Southampton,1,0,1.31177,0.890411
12/12/2015,West Ham,Stoke,0,0,1.13181,1.87239
13/12/2015,Tottenham,Newcastle United,1,2,1.03317,1.55252
13/12/2015,Aston Villa,Arsenal,0,2,1.00876,1.68498
13/12/2015,Liverpool,West Bromwich Albion,2,2,2.12583,0.835885
15/12/2015,Leicester,Chelsea,2,1,0.708846,2.26887
19/12/2015,Newcastle United,Aston Villa,1,1,1.28189,0.404373
19/12/2015,West Bromwich Albion,Bournemouth,1,2,0.698255,1.89177
19/12/2015,Southampton,Tottenham,0,2,0.83385,1.47453
19/12/2015,Stoke,Crystal Palace,1,2,2.41499,1.95347
19/12/2015,Chelsea,Sunderland,3,1,3.02023,1.23573
19/12/2015,Everton,Leicester,2,3,1.48982,2.02911
19/12/2015,Manchester United,Norwich,1,2,1.01394,0.556897
20/12/2015,Watford,Liverpool,3,0,1.99336,0.376313
20/12/2015,Swansea,West Ham,0,0,0.973378,0.401988
22/12/2015,Arsenal,Manchester City,2,1,1.50109,0.769378
26/12/2015,Manchester City,Sunderland,4,1,3.51848,1.08103
26/12/2015,Liverpool,Leicester,1,0,1.37933,0.505167
26/12/2015,Southampton,Arsenal,4,0,2.4303,0.83106
26/12/2015,Newcastle United,Everton,0,1,1.35711,1.69923
26/12/2015,Chelsea,Watford,2,2,2.09356,1.667
26/12/2015,Aston Villa,West Ham,1,1,1.61235,0.836027
26/12/2015,Bournemouth,Crystal Palace,0,0,0.871395,0.405181
26/12/2015,Tottenham,Norwich,3,0,2.40666,0.452019
26/12/2015,Swansea,West Bromwich Albion,1,0,1.21243,0.554583
26/12/2015,Stoke,Manchester United,2,0,1.18211,1.28961
28/12/2015,West Ham,Southampton,2,1,1.79562,1.3709
28/12/2015,Manchester United,Chelsea,0,0,1.35213,0.900029
28/12/2015,Arsenal,Bournemouth,2,0,3.12958,0.343752
28/12/2015,Everton,Stoke,3,4,2.2472,1.58159
28/12/2015,Norwich,Aston Villa,2,0,1.10319,0.235874
28/12/2015,Watford,Tottenham,1,2,1.13011,0.527248
28/12/2015,West Bromwich Albion,Newcastle United,1,0,2.1039,0.456189
28/12/2015,Crystal Palace,Swansea,0,0,0.735185,0.169425
29/12/2015,Leicester,Manchester City,0,0,0.810377,1.66777
30/12/2015,Sunderland,Liverpool,0,1,0.481551,1.80743
02/01/2016,Norwich,Southampton,1,0,1.50509,0.932294
02/01/2016,Watford,Manchester City,1,2,0.985368,0.692054
02/01/2016,Sunderland,Aston Villa,3,1,0.761225,0.27956
02/01/2016,Manchester United,Swansea,2,1,1.74266,0.542907
02/01/2016,Arsenal,Newcastle United,1,0,1.93025,1.15339
02/01/2016,West Bromwich Albion,Stoke,2,1,1.72318,0.917526
02/01/2016,West Ham,Liverpool,2,0,2.06737,1.86591
02/01/2016,Leicester,Bournemouth,0,0,2.28506,1.2593
03/01/2016,Crystal Palace,Chelsea,0,3,0.546499,2.3747
03/01/2016,Everton,Tottenham,1,1,0.721603,0.75907
12/01/2016,Newcastle United,Manchester United,3,3,1.81304,2.36216
12/01/2016,Aston Villa,Crystal Palace,1,0,0.551973,0.547913
12/01/2016,Bournemouth,West Ham,1,3,0.729546,1.18455
13/01/2016,Manchester City,Everton,0,0,1.44957,0.369548
13/01/2016,Southampton,Watford,2,0,1.7224,0.11543
13/01/2016,Stoke,Norwich,3,1,1.24456,0.193728
13/01/2016,Swansea,Sunderland,2,4,1.06526,2.49057
13/01/2016,Chelsea,West Bromwich Albion,2,2,1.38532,0.704263
14/01/2016,Tottenham,Leicester,0,1,1.2301,0.588708
14/01/2016,Liverpool,Arsenal,3,3,1.16222,2.22912
16/01/2016,Tottenham,Sunderland,4,1,2.02579,0.617306
16/01/2016,Manchester City,Crystal Palace,4,0,1.74025,0.613339
16/01/2016,Newcastle United,West Ham,2,1,1.84261,1.08248
16/01/2016,Southampton,West Bromwich Albion,3,0,1.42623,0.410757
16/01/2016,Chelsea,Everton,3,3,2.44864,1.5891
16/01/2016,Bournemouth,Norwich,3,0,2.53086,0.595472
16/01/2016,Aston Villa,Leicester,1,1,0.665386,2.21525
17/01/2016,Liverpool,Manchester United,0,1,0.952974,0.715703
17/01/2016,Stoke,Arsenal,0,0,0.546879,0.585841
19/01/2016,Swansea,Watford,1,0,0.474035,0.525478
23/01/2016,West Ham,Manchester City,2,2,1.01267,1.73182
23/01/2016,Watford,Newcastle United,2,1,2.58707,1.29267
23/01/2016,West Bromwich Albion,Aston Villa,0,0,0.23184,0.562461
23/01/2016,Sunderland,Bournemouth,1,1,0.612134,1.26851
23/01/2016,Manchester United,Southampton,0,1,0.187217,0.83591
23/01/2016,Crystal Palace,Tottenham,1,3,0.930792,1.74368
23/01/2016,Norwich,Liverpool,4,5,1.03432,1.44943
23/01/2016,Leicester,Stoke,3,0,2.25906,0.340483
24/01/2016,Everton,Swansea,1,2,1.94094,1.08055
24/01/2016,Arsenal,Chelsea,0,1,1.10907,1.48778
02/02/2016,West Ham,Aston Villa,2,0,2.34619,0.107888
02/02/2016,Sunderland,Manchester City,0,1,0.888437,0.638461
02/02/2016,Norwich,Tottenham,0,3,0.929319,2.75469
02/02/2016,Arsenal,Southampton,0,0,3.38487,0.93405
02/02/2016,Leicester,Liverpool,2,0,1.34566,0.580791
03/02/2016,Watford,Chelsea,0,0,0.531415,1.13694
03/02/2016,Crystal Palace,Bournemouth,1,2,1.62395,1.17427
03/02/2016,Manchester United,Stoke,3,0,2.45272,0.350909
03/02/2016,West Bromwich Albion,Swansea,1,1,2.30645,1.17928
03/02/2016,Everton,Newcastle United,3,0,2.48447,0.626239
06/02/2016,Liverpool,Sunderland,2,2,1.57712,0.491843
06/02/2016,Aston Villa,Norwich,2,0,0.918291,1.1413
06/02/2016,Southampton,West Ham,1,0,1.06493,0.970583
06/02/2016,Swansea,Crystal Palace,1,1,1.32136,1.01465
06/02/2016,Tottenham,Watford,1,0,2.00475,0.149839
06/02/2016,Stoke,Everton,0,3,0.693548,3.05913
06/02/2016,Newcastle United,West Bromwich Albion,1,0,2.41057,0.472556
06/02/2016,Manchester City,Leicester,1,3,1.70719,2.50168
07/02/2016,Bournemouth,Arsenal,0,2,0.584316,1.13957
07/02/2016,Chelsea,Manchester United,1,1,1.61554,0.780475
13/02/2016,Chelsea,Newcastle United,5,1,2.0858,0.430664
13/02/2016,Bournemouth,Stoke,1,3,1.19427,0.927348
13/02/2016,Crystal Palace,Watford,1,2,0.983946,1.99728
13/02/2016,Everton,West Bromwich Albion,0,1,1.82912,1.1974
13/02/2016,Norwich,West Ham,2,2,1.03362,0.741428
13/02/2016,Swansea,Southampton,0,1,0.699012,1.19353
13/02/2016,Sunderland,Manchester United,2,1,1.48186,0.908296
14/02/2016,Arsenal,Leicester,2,1,2.36319,1.31246
14/02/2016,Aston Villa,Liverpool,0,6,0.174868,2.00756
14/02/2016,Manchester City,Tottenham,1,2,1.97876,1.23517
27/02/2016,West Bromwich Albion,Crystal Palace,3,2,2.07488,1.21638
27/02/2016,Stoke,Aston Villa,2,1,2.04047,0.414343
27/02/2016,Southampton,Chelsea,1,2,1.01074,0.631036
27/02/2016,West Ham,Sunderland,1,0,0.52387,1.07887
27/02/2016,Watford,Bournemouth,0,0,1.00481,0.955252
27/02/2016,Leicester,Norwich,1,0,1.7645,0.814784
28/02/2016,Tottenham,Swansea,2,1,3.57325,1.24938
28/02/2016,Manchester United,Arsenal,3,2,1.09522,1.5435
01/03/2016,Aston Villa,Everton,1,3,0.60177,2.63668
01/03/2016,Bournemouth,Southampton,2,0,1.41228,0.954161
01/03/2016,Leicester,West Bromwich Albion,2,2,3.04626,1.29485
01/03/2016,Sunderland,Crystal Palace,2,2,0.93375,0.887448
01/03/2016,Norwich,Chelsea,1,2,1.24159,0.980988
02/03/2016,Arsenal,Swansea,1,2,1.4928,1.69788
02/03/2016,West Ham,Tottenham,1,0,0.784319,1.22673
02/03/2016,Stoke,Newcastle United,1,0,0.298318,0.270782
03/03/2016,Manchester United,Watford,1,0,0.786278,2.16484
03/03/2016,Liverpool,Manchester City,3,0,1.16781,0.180318
05/03/2016,Tottenham,Arsenal,2,2,1.88378,0.543157
05/03/2016,Southampton,Sunderland,1,1,1.54587,1.31562
05/03/2016,Swansea,Norwich,1,0,0.545937,0.580126
05/03/2016,Chelsea,Stoke,1,1,1.0615,1.60285
05/03/2016,Everton,West Ham,2,3,2.09025,2.72091
05/03/2016,Manchester City,Aston Villa,4,0,2.83271,0.121136
05/03/2016,Newcastle United,Bournemouth,1,3,0.833931,1.26853
05/03/2016,Watford,Leicester,0,1,0.829318,1.47042
06/03/2016,Crystal Palace,Liverpool,1,2,1.43901,2.27087
06/03/2016,West Bromwich Albion,Manchester United,1,0,0.565787,0.417622
12/03/2016,Norwich,Manchester City,0,0,0.139743,0.557373
12/03/2016,Stoke,Southampton,1,2,1.06676,0.874966
12/03/2016,Bournemouth,Swansea,3,2,0.70756,1.09562
13/03/2016,Aston Villa,Tottenham,0,2,1.84022,2.00141
14/03/2016,Leicester,Newcastle United,1,0,0.846771,0.518715
19/03/2016,West Bromwich Albion,Norwich,0,1,0.332789,0.799255
19/03/2016,Swansea,Aston Villa,1,0,0.490469,0.730828
19/03/2016,Watford,Stoke,1,2,0.879462,1.58145
19/03/2016,Everton,Arsenal,0,2,0.58617,1.92384
19/03/2016,Crystal Palace,Leicester,0,1,0.784339,1.20315
19/03/2016,Chelsea,West Ham,2,2,2.1406,0.862828
20/03/2016,Southampton,Liverpool,3,2,1.56873,1.29046
20/03/2016,Newcastle United,Sunderland,1,1,0.940593,0.785017
20/03/2016,Manchester City,Manchester United,0,1,1.86249,0.900312
20/03/2016,Tottenham,Bournemouth,3,0,2.02694,0.120366
02/04/2016,Stoke,Swansea,2,2,1.17598,0.4319
02/04/2016,Sunderland,West Bromwich Albion,0,0,1.54544,0.0635563
02/04/2016,Norwich,Newcastle United,3,2,1.65216,1.46835
02/04/2016,West Ham,Crystal Palace,2,2,1.71369,1.65593
02/04/2016,Arsenal,Watford,4,0,3.00742,0.290619
02/04/2016,Aston Villa,Chelsea,0,4,0.72512,2.49358
02/04/2016,Bournemouth,Manchester City,0,4,1.3239,0.868303
02/04/2016,Liverpool,Tottenham,1,1,1.37954,1.23579
03/04/2016,Manchester United,Everton,1,0,0.998692,0.755625
03/04/2016,Leicester,Southampton,1,0,1.38701,0.670068
09/04/2016,Manchester City,West Bromwich Albion,2,1,2.07325,1.09413
09/04/2016,Crystal Palace,Norwich,1,0,1.45029,0.675663
09/04/2016,Aston Villa,Bournemouth,1,2,0.220872,1.0038
09/04/2016,Watford,Everton,1,1,0.408379,1.59979
09/04/2016,Southampton,Newcastle United,3,1,1.78477,0.165982
09/04/2016,Swansea,Chelsea,1,0,1.9071,1.3003
09/04/2016,West Ham,Arsenal,3,3,1.10973,1.46966
10/04/2016,Sunderland,Leicester,0,2,0.872232,2.60072
10/04/2016,Tottenham,Manchester United,3,0,1.79647,0.341238
10/04/2016,Liverpool,Stoke,4,1,2.21484,0.85508
13/04/2016,Crystal Palace,Everton,0,0,1.59025,0.759269
16/04/2016,Norwich,Sunderland,0,3,1.09006,1.99748
16/04/2016,Manchester United,Aston Villa,1,0,1.09127,0.262427
16/04/2016,Everton,Southampton,1,1,0.318721,1.38323
16/04/2016,Newcastle United,Swansea,3,0,1.5024,0.787081
16/04/2016,West Bromwich Albion,Watford,0,1,2.2915,0.364852
16/04/2016,Chelsea,Manchester City,0,3,0.487715,2.62768
17/04/2016,Leicester,West Ham,2,2,1.95296,1.56819
17/04/2016,Bournemouth,Liverpool,1,2,0.85914,1.81443
17/04/2016,Arsenal,Crystal Palace,1,1,1.73461,0.275806
18/04/2016,Stoke,Tottenham,0,4,0.458376,2.89775
19/04/2016,Newcastle United,Manchester City,1,1,0.455246,0.522043
20/04/2016,West Ham,Watford,3,1,3.96294,1.22333
20/04/2016,Manchester United,Crystal Palace,2,0,1.46607,0.137416
20/04/2016,Liverpool,Everton,4,0,3.24472,0.0886329
21/04/2016,Arsenal,West Bromwich Albion,2,0,1.37348,0.839742
23/04/2016,Manchester City,Stoke,4,0,2.22482,1.09174
23/04/2016,Aston Villa,Southampton,2,4,1.47192,3.6648
23/04/2016,Bournemouth,Chelsea,1,4,0.575087,2.07192
23/04/2016,Liverpool,Newcastle United,2,2,0.712881,0.253033
24/04/2016,Sunderland,Arsenal,0,0,0.617149,0.97303
24/04/2016,Leicester,Swansea,4,0,3.31579,0.576457
25/04/2016,Tottenham,West Bromwich Albion,1,1,1.26346,0.894413
30/04/2016,Arsenal,Norwich,1,0,0.781508,0.578781
30/04/2016,West Bromwich Albion,West Ham,0,3,1.5346,1.27183
30/04/2016,Watford,Aston Villa,3,2,1.36255,0.491793
30/04/2016,Newcastle United,Crystal Palace,1,0,0.53407,1.05079
30/04/2016,Stoke,Sunderland,1,1,0.68487,1.43105
30/04/2016,Everton,Bournemouth,2,1,0.95281,1.42599
01/05/2016,Swansea,Liverpool,3,1,2.31862,0.776186
01/05/2016,Manchester United,Leicester,1,1,1.18462,1.16622
01/05/2016,Southampton,Manchester City,4,2,2.84362,1.12719
02/05/2016,Chelsea,Tottenham,2,2,0.81661,1.90407
07/05/2016,Norwich,Manchester United,0,1,1.36825,1.48344
07/05/2016,Crystal Palace,Stoke,2,1,1.31448,1.27766
07/05/2016,West Ham,Swansea,1,4,2.39454,2.47265
07/05/2016,Aston Villa,Newcastle United,0,0,0.0312154,1.09626
07/05/2016,Bournemouth,West Bromwich Albion,1,1,0.814964,1.34282
07/05/2016,Sunderland,Chelsea,3,2,0.773876,1.77677
07/05/2016,Leicester,Everton,3,1,4.50525,1.30184
08/05/2016,Manchester City,Arsenal,2,2,0.75375,1.08084
08/05/2016,Liverpool,Watford,2,0,2.38919,0.930803
08/05/2016,Tottenham,Southampton,1,2,2.55547,1.30812
10/05/2016,West Ham,Manchester United,3,2,2.13311,0.635987
11/05/2016,Norwich,Watford,4,2,2.41871,1.7686
11/05/2016,Sunderland,Everton,3,0,2.44887,1.16563
11/05/2016,Liverpool,Chelsea,1,1,1.83934,0.812268
15/05/2016,Arsenal,Aston Villa,4,0,3.40207,0.222731
15/05/2016,Chelsea,Leicester,1,1,1.86065,1.23491
15/05/2016,Everton,Norwich,3,0,2.40775,0.43016
15/05/2016,Newcastle United,Tottenham,5,1,2.42808,0.869082
15/05/2016,Southampton,Crystal Palace,4,1,2.32278,1.24857
15/05/2016,Stoke,West Ham,2,1,0.288737,2.94489
15/05/2016,Swansea,Manchester City,1,1,0.115604,2.04003
15/05/2016,Watford,Sunderland,2,2,1.95277,0.908817
15/05/2016,West Bromwich Albion,Liverpool,1,1,1.86869,0.419877
17/05/2016,Manchester United,Bournemouth,3,1,1.72109,0.503471
13/08/2016,Middlesbrough,Stoke,1,1,1.80523,0.485626
13/08/2016,Southampton,Watford,1,1,0.937328,0.180046
13/08/2016,Manchester City,Sunderland,2,1,1.95479,1.09877
13/08/2016,Burnley,Swansea,0,1,1.04903,1.72089
13/08/2016,Crystal Palace,West Bromwich Albion,0,1,0.990062,0.684593
13/08/2016,Hull,Leicester,2,1,0.740018,2.45631
13/08/2016,Everton,Tottenham,1,1,0.790063,1.12348
14/08/2016,Bournemouth,Manchester United,1,3,0.522847,1.91105
14/08/2016,Arsenal,Liverpool,3,4,1.18197,1.6591
15/08/2016,Chelsea,West Ham,2,1,1.4603,0.445604
19/08/2016,Manchester United,Southampton,2,0,1.36553,0.613233
20/08/2016,Stoke,Manchester City,1,4,1.31066,2.17198
20/08/2016,Burnley,Liverpool,2,0,0.197536,0.939025
20/08/2016,Swansea,Hull,0,2,1.14134,2.18655
20/08/2016,Tottenham,Crystal Palace,1,0,2.25623,0.357943
20/08/2016,Watford,Chelsea,1,2,0.804549,1.75595
20/08/2016,West Bromwich Albion,Everton,1,2,2.01885,1.83897
20/08/2016,Leicester,Arsenal,0,0,0.553693,0.521509
21/08/2016,West Ham,Bournemouth,1,0,1.69288,0.39341
21/08/2016,Sunderland,Middlesbrough,1,2,1.4645,0.854908
27/08/2016,Tottenham,Liverpool,1,1,0.590511,1.92569
27/08/2016,Watford,Arsenal,1,3,1.07775,2.03271
27/08/2016,Leicester,Swansea,2,1,2.47977,0.32818
27/08/2016,Southampton,Sunderland,1,1,0.613743,1.39142
27/08/2016,Chelsea,Burnley,3,0,2.65838,0.18449
27/08/2016,Crystal Palace,Bournemouth,1,1,2.659,0.974014
27/08/2016,Everton,Stoke,1,0,2.31835,0.187415
27/08/2016,Hull,Manchester United,0,1,0.268815,2.47208
28/08/2016,West Bromwich Albion,Middlesbrough,0,0,0.696845,0.396816
28/08/2016,Manchester City,West Ham,3,1,3.21624,1.08385
10/09/2016,Liverpool,Leicester,4,1,2.76916,1.22508
10/09/2016,Burnley,Hull,1,1,0.453149,0.907116
10/09/2016,Bournemouth,West Bromwich Albion,1,0,0.986511,1.48347
10/09/2016,West Ham,Watford,2,4,1.32216,1.85479
10/09/2016,Stoke,Tottenham,0,4,1.01771,2.77025
10/09/2016,Middlesbrough,Crystal Palace,1,2,0.611959,1.12437
10/09/2016,Manchester United,Manchester City,1,2,1.01013,1.88688
10/09/2016,Arsenal,Southampton,2,1,1.89219,1.17522
11/09/2016,Swansea,Chelsea,2,2,1.2304,2.19035
12/09/2016,Sunderland,Everton,0,3,1.0404,2.84526
16/09/2016,Chelsea,Liverpool,1,2,1.16415,1.41642
17/09/2016,Everton,Middlesbrough,3,1,1.17467,0.178081
17/09/2016,West Bromwich Albion,West Ham,4,2,1.94229,2.37422
17/09/2016,Manchester City,Bournemouth,4,0,3.38733,0.389672
17/09/2016,Leicester,Burnley,3,0,1.98503,0.464523
17/09/2016,Hull,Arsenal,1,4,0.969693,3.63453
18/09/2016,Watford,Manchester United,3,1,1.74506,1.41359
18/09/2016,Crystal Palace,Stoke,4,1,1.31366,1.20308
18/09/2016,Southampton,Swansea,1,0,2.15218,0.490661
18/09/2016,Tottenham,Sunderland,1,0,2.52591,0.960821
24/09/2016,Bournemouth,Everton,1,0,0.693594,1.15724
24/09/2016,Arsenal,Chelsea,3,0,1.66224,0.613553
24/09/2016,Liverpool,Hull,5,1,4.64913,0.157549
24/09/2016,Sunderland,Crystal Palace,2,3,1.51457,1.7887
24/09/2016,Manchester United,Leicester,4,1,2.45604,0.286966
24/09/2016,Middlesbrough,Tottenham,1,2,0.361508,1.4158
24/09/2016,Swansea,Manchester City,1,3,1.11096,2.57704
24/09/2016,Stoke,West Bromwich Albion,1,1,0.979673,0.270862
25/09/2016,West Ham,Southampton,0,3,0.693818,2.97877
26/09/2016,Burnley,Watford,2,0,0.569734,0.776105
30/09/2016,Everton,Crystal Palace,1,1,1.1542,0.47692
01/10/2016,Swansea,Liverpool,1,2,2.65842,2.02239
01/10/2016,Sunderland,West Bromwich Albion,1,1,1.19268,0.88211
01/10/2016,Hull,Chelsea,0,2,0.27266,1.99155
01/10/2016,Watford,Bournemouth,2,2,1.23419,1.35487
01/10/2016,West Ham,Middlesbrough,1,1,0.883385,0.852603
02/10/2016,Tottenham,Manchester City,2,0,1.69975,0.909513
02/10/2016,Manchester United,Stoke,1,1,2.80988,1.20043
02/10/2016,Leicester,Southampton,0,0,0.446309,0.920963
02/10/2016,Burnley,Arsenal,0,1,0.608783,1.85433
15/10/2016,Arsenal,Swansea,3,2,3.50519,1.74979
15/10/2016,West Bromwich Albion,Tottenham,1,1,1.30365,1.32318
15/10/2016,Crystal Palace,West Ham,0,1,1.94599,0.874219
15/10/2016,Stoke,Sunderland,2,0,2.29543,0.587572
15/10/2016,Chelsea,Leicester,3,0,3.11573,0.182549
15/10/2016,Bournemouth,Hull,6,1,2.92532,0.388589
15/10/2016,Manchester City,Everton,1,1,2.69208,0.144498
16/10/2016,Middlesbrough,Watford,0,1,0.528576,0.0893749
16/10/2016,Southampton,Burnley,3,1,4.21181,1.03126
17/10/2016,Liverpool,Manchester United,0,0,0.270441,0.537762
22/10/2016,Liverpool,West Bromwich Albion,2,1,2.2952,0.685982
22/10/2016,Arsenal,Middlesbrough,0,0,0.711811,1.55581
22/10/2016,Burnley,Everton,2,1,0.905579,0.752795
22/10/2016,Hull,Stoke,0,2,0.701606,1.04273
22/10/2016,Leicester,Crystal Palace,3,1,1.7041,1.656
22/10/2016,Swansea,Watford,0,0,1.33215,0.478578
22/10/2016,West Ham,Sunderland,1,0,1.19585,0.808339
22/10/2016,Bournemouth,Tottenham,0,0,0.523371,0.74529
23/10/2016,Manchester City,Southampton,1,1,1.15321,0.563752
23/10/2016,Chelsea,Manchester United,4,0,2.25192,0.742805
29/10/2016,Crystal Palace,Liverpool,2,4,0.496044,2.26056
29/10/2016,Manchester United,Burnley,0,0,2.72391,0.327957
29/10/2016,Middlesbrough,Bournemouth,2,0,1.44317,1.54599
29/10/2016,Sunderland,Arsenal,1,4,0.853434,2.48348
29/10/2016,Watford,Hull,1,0,1.14991,0.251367
29/10/2016,Tottenham,Leicester,1,1,1.69833,0.740987
29/10/2016,West Bromwich Albion,Manchester City,0,4,0.596605,2.48018
30/10/2016,Everton,West Ham,2,0,2.0087,0.944816
30/10/2016,Southampton,Chelsea,0,2,0.422364,1.14759
01/11/2016,Stoke,Swansea,3,1,2.16407,1.10058
05/11/2016,Bournemouth,Sunderland,1,2,2.6457,1.13672
05/11/2016,Burnley,Crystal Palace,3,2,2.25738,2.05902
05/11/2016,Manchester City,Middlesbrough,1,1,2.49606,0.208762
05/11/2016,West Ham,Stoke,1,1,0.404528,0.81046
05/11/2016,Chelsea,Everton,5,0,1.94078,0.0131321
06/11/2016,Leicester,West Bromwich Albion,1,2,0.629678,0.78196
06/11/2016,Hull,Southampton,2,1,0.561215,2.03046
06/11/2016,Swansea,Manchester United,1,3,0.51266,1.00006
06/11/2016,Arsenal,Tottenham,1,1,0.675745,1.19585
06/11/2016,Liverpool,Watford,6,1,4.18366,0.771133
19/11/2016,Manchester United,Arsenal,1,1,0.511462,0.575813
19/11/2016,Southampton,Liverpool,0,0,0.0942055,1.68802
19/11/2016,Stoke,Bournemouth,0,1,1.60429,1.24012
19/11/2016,Sunderland,Hull,3,0,0.951511,1.25065
19/11/2016,Watford,Leicester,2,1,0.7197,1.19686
19/11/2016,Everton,Swansea,1,1,1.54877,1.07471
19/11/2016,Crystal Palace,Manchester City,1,2,0.431559,1.39421
19/11/2016,Tottenham,West Ham,3,2,2.53396,1.76706
20/11/2016,Middlesbrough,Chelsea,0,1,0.55976,1.68738
22/11/2016,West Bromwich Albion,Burnley,4,0,1.40512,0.571005
26/11/2016,Chelsea,Tottenham,2,1,1.24948,0.422568
26/11/2016,Leicester,Middlesbrough,2,2,2.0478,0.425252
26/11/2016,Liverpool,Sunderland,2,0,2.02461,0.291073
26/11/2016,Hull,West Bromwich Albion,1,1,0.424457,1.40213
26/11/2016,Burnley,Manchester City,1,2,0.475642,2.25698
26/11/2016,Swansea,Crystal Palace,5,4,3.3955,2.28156
27/11/2016,Watford,Stoke,0,1,0.541915,0.704736
27/11/2016,Arsenal,Bournemouth,3,1,2.8697,2.0491
27/11/2016,Southampton,Everton,1,0,2.80562,0.615174
27/11/2016,Manchester United,West Ham,1,1,1.44452,0.749388
03/12/2016,Manchester City,Chelsea,1,3,2.24061,1.2848
03/12/2016,Sunderland,Leicester,2,1,1.4282,1.13791
03/12/2016,Crystal Palace,Southampton,3,0,2.20073,0.764357
03/12/2016,Stoke,Burnley,2,0,1.12929,0.773995
03/12/2016,Tottenham,Swansea,5,0,3.9767,0.0342109
03/12/2016,West Bromwich Albion,Watford,3,1,1.17737,1.476
03/12/2016,West Ham,Arsenal,1,5,0.882486,2.96923
04/12/2016,Everton,Manchester United,1,1,1.64985,0.541299
04/12/2016,Bournemouth,Liverpool,4,3,2.54396,1.26532
06/12/2016,Middlesbrough,Hull,1,0,1.94961,0.221339
10/12/2016,Burnley,Bournemouth,3,2,2.15178,1.00194
10/12/2016,Leicester,Manchester City,4,2,2.60583,0.970372
10/12/2016,Arsenal,Stoke,3,1,1.58027,1.29401
10/12/2016,Hull,Crystal Palace,3,3,2.16649,1.50059
10/12/2016,Watford,Everton,3,2,1.49271,1.09675
10/12/2016,Swansea,Sunderland,3,0,2.18185,0.672058
11/12/2016,Chelsea,West Bromwich Albion,1,0,0.551109,0.212574
11/12/2016,Manchester United,Tottenham,1,0,1.04894,0.720341
11/12/2016,Southampton,Middlesbrough,1,0,1.72919,0.493941
11/12/2016,Liverpool,West Ham,2,2,1.79134,0.64998
13/12/2016,Bournemouth,Leicester,1,0,0.64118,1.6751
13/12/2016,Everton,Arsenal,2,1,1.46034,1.3508
14/12/2016,Middlesbrough,Liverpool,0,3,0.161583,2.13526
14/12/2016,Sunderland,Chelsea,0,1,0.473979,1.22459
14/12/2016,West Ham,Burnley,1,0,1.67016,0.923353
15/12/2016,Stoke,Southampton,0,0,0.333754,0.723114
15/12/2016,Tottenham,Hull,3,0,2.83077,0.570636
15/12/2016,Manchester City,Watford,2,0,1.62359,0.497462
15/12/2016,West Bromwich Albion,Swansea,3,1,1.78268,1.07221
15/12/2016,Crystal Palace,Manchester United,1,2,0.710324,1.27306
17/12/2016,Crystal Palace,Chelsea,0,1,0.356331,0.81444
17/12/2016,Middlesbrough,Swansea,3,0,1.71549,0.602249
17/12/2016,West Ham,Hull,1,0,1.92151,1.13479
17/12/2016,Stoke,Leicester,2,2,2.518,1.25572
17/12/2016,Sunderland,Watford,1,0,1.13526,1.07552
17/12/2016,West Bromwich Albion,Manchester United,0,2,0.600426,0.983306
18/12/2016,Bournemouth,Southampton,1,3,0.492912,1.69451
18/12/2016,Manchester City,Arsenal,2,1,1.5186,0.609893
18/12/2016,Tottenham,Burnley,2,1,1.50755,1.17031
20/12/2016,Everton,Liverpool,0,1,0.456788,1.87823
26/12/2016,Chelsea,Bournemouth,3,0,1.71303,0.650942
26/12/2016,Burnley,Middlesbrough,1,0,0.275704,0.698814
26/12/2016,Hull,Manchester City,0,3,0.350069,2.22237
26/12/2016,Arsenal,West Bromwich Albion,1,0,1.97881,0.687502
26/12/2016,Manchester United,Sunderland,3,1,2.32117,0.488541
26/12/2016,Swansea,West Ham,1,4,0.954864,3.40585
26/12/2016,Watford,Crystal Palace,1,1,0.959496,1.53834
26/12/2016,Leicester,Everton,0,2,0.377464,1.25512
27/12/2016,Liverpool,Stoke,4,1,1.66669,0.389104
28/12/2016,Southampton,Tottenham,1,4,0.403743,1.61035
31/12/2016,Hull,Everton,2,2,0.852585,1.27757
31/12/2016,Leicester,West Ham,1,0,1.10842,1.58333
31/12/2016,Manchester United,Middlesbrough,2,1,2.53996,0.64492
31/12/2016,Burnley,Sunderland,4,1,2.72471,0.465701
31/12/2016,Chelsea,Stoke,4,2,1.94737,0.858417
31/12/2016,Southampton,West Bromwich Albion,1,2,0.371668,0.6675
31/12/2016,Swansea,Bournemouth,0,3,0.515218,2.43608
31/12/2016,Liverpool,Manchester City,1,0,0.256825,0.352445
01/01/2017,Arsenal,Crystal Palace,2,0,1.67138,0.221469
01/01/2017,Watford,Tottenham,1,4,1.26331,3.06509
02/01/2017,Everton,Southampton,3,0,2.34997,1.01083
02/01/2017,Manchester City,Burnley,2,1,0.617412,0.642111
02/01/2017,Middlesbrough,Leicester,0,0,0.697108,0.477078
02/01/2017,West Bromwich Albion,Hull,3,1,0.883566,0.992341
02/01/2017,Sunderland,Liverpool,2,2,1.91057,2.332
02/01/2017,West Ham,Manchester United,0,2,0.799911,1.64905
03/01/2017,Bournemouth,Arsenal,3,3,1.55859,1.12629
04/01/2017,Crystal Palace,Swansea,1,2,0.331276,1.18905
04/01/2017,Stoke,Watford,2,0,1.85359,0.510395
05/01/2017,Tottenham,Chelsea,2,0,1.00945,0.912754
14/01/2017,Burnley,Southampton,1,0,0.464555,0.962065
14/01/2017,Hull,Bournemouth,3,1,1.18904,1.43455
14/01/2017,Swansea,Arsenal,0,4,0.488485,2.31811
14/01/2017,West Ham,Crystal Palace,3,0,1.72338,1.06181
14/01/2017,Watford,Middlesbrough,0,0,0.835827,0.325347
14/01/2017,Tottenham,West Bromwich Albion,4,0,2.65474,0.165019
14/01/2017,Sunderland,Stoke,1,3,1.1365,1.22897
14/01/2017,Leicester,Chelsea,0,3,0.179144,0.738826
15/01/2017,Everton,Manchester City,4,0,0.572528,0.569286
15/01/2017,Manchester United,Liverpool,1,1,1.03178,1.46058
21/01/2017,Liverpool,Swansea,2,3,1.24037,1.60482
21/01/2017,Middlesbrough,West Ham,1,3,0.958825,2.6558
21/01/2017,Bournemouth,Watford,2,2,1.14791,1.08731
21/01/2017,Crystal Palace,Everton,0,1,0.463733,0.949561
21/01/2017,Stoke,Manchester United,1,1,0.353777,1.74295
21/01/2017,West Bromwich Albion,Sunderland,2,0,1.3279,0.440887
21/01/2017,Manchester City,Tottenham,2,2,2.52702,1.12391
22/01/2017,Southampton,Leicester,3,0,2.49923,0.935866
22/01/2017,Arsenal,Burnley,2,1,1.86443,1.29948
22/01/2017,Chelsea,Hull,2,0,1.47165,0.314532
31/01/2017,Liverpool,Chelsea,1,1,1.20485,1.0666
31/01/2017,Sunderland,Tottenham,0,0,0.228009,0.682758
31/01/2017,Middlesbrough,West Bromwich Albion,1,1,1.18135,1.25288
31/01/2017,Swansea,Southampton,2,1,0.760046,0.907103
31/01/2017,Bournemouth,Crystal Palace,0,2,0.32099,1.60667
31/01/2017,Arsenal,Watford,1,2,1.07765,0.918309
31/01/2017,Burnley,Leicester,1,0,1.82995,0.775645
01/02/2017,West Ham,Manchester City,0,4,0.49472,2.66472
01/02/2017,Manchester United,Hull,0,0,1.48151,0.395896
01/02/2017,Stoke,Everton,1,1,1.7362,0.870158
04/02/2017,Tottenham,Middlesbrough,1,0,2.10053,0.50484
04/02/2017,Southampton,West Ham,1,3,1.06276,0.91785
04/02/2017,West Bromwich Albion,Stoke,1,0,1.84983,1.10818
04/02/2017,Watford,Burnley,2,1,1.66308,1.4777
04/02/2017,Hull,Liverpool,2,0,1.88587,1.12538
04/02/2017,Crystal Palace,Sunderland,0,4,2.45994,0.837361
04/02/2017,Chelsea,Arsenal,3,1,1.95451,0.950035
04/02/2017,Everton,Bournemouth,6,3,2.75981,2.1501
05/02/2017,Manchester City,Swansea,2,1,2.87972,0.11445
05/02/2017,Leicester,Manchester United,0,3,0.492009,1.98688
11/02/2017,West Ham,West Bromwich Albion,2,2,1.17553,0.769974
11/02/2017,Liverpool,Tottenham,2,0,2.38009,0.622104
11/02/2017,Sunderland,Southampton,0,4,0.197925,1.72717
11/02/2017,Middlesbrough,Everton,0,0,0.651056,0.831644
11/02/2017,Manchester United,Watford,2,0,2.627,0.641058
11/02/2017,Arsenal,Hull,2,0,3.1235,0.466403
11/02/2017,Stoke,Crystal Palace,1,0,0.720883,0.202159
12/02/2017,Burnley,Chelsea,1,1,0.906366,0.800222
12/02/2017,Swansea,Leicester,2,0,0.693376,0.672883
13/02/2017,Bournemouth,Manchester City,0,2,0.152385,2.953
25/02/2017,Everton,Sunderland,2,0,1.70366,0.505952
25/02/2017,Chelsea,Swansea,3,1,1.22573,0.280172
25/02/2017,Crystal Palace,Middlesbrough,1,0,0.808522,0.82885
25/02/2017,Hull,Burnley,1,1,1.59037,0.473058
25/02/2017,West Bromwich Albion,Bournemouth,2,1,1.6124,1.22747
25/02/2017,Watford,West Ham,1,1,1.21279,1.48144
26/02/2017,Tottenham,Stoke,4,0,1.89002,0.743596
27/02/2017,Leicester,Liverpool,3,1,1.54732,0.789939
04/03/2017,West Bromwich Albion,Crystal Palace,0,2,0.3746,1.39171
04/03/2017,Stoke,Middlesbrough,2,0,2.97584,0.274611
04/03/2017,Liverpool,Arsenal,3,1,2.70435,0.729203
04/03/2017,Watford,Southampton,3,4,1.40104,1.33681
04/03/2017,Manchester United,Bournemouth,1,1,2.5377,0.816172
04/03/2017,Leicester,Hull,3,1,1.81255,1.1216
04/03/2017,Swansea,Burnley,3,2,1.44545,0.933851
05/03/2017,Tottenham,Everton,3,2,1.70225,0.808013
05/03/2017,Sunderland,Manchester City,0,2,0.737758,2.48022
06/03/2017,West Ham,Chelsea,1,2,0.450583,2.01134
08/03/2017,Manchester City,Stoke,0,0,1.3049,0.337194
11/03/2017,Bournemouth,West Ham,3,2,3.68186,1.25315
11/03/2017,Everton,West Bromwich Albion,3,0,2.17521,0.127321
11/03/2017,Hull,Swansea,2,1,1.98818,1.44148
12/03/2017,Liverpool,Burnley,2,1,0.966335,0.83474
18/03/2017,Crystal Palace,Watford,1,0,0.376326,0.190648
18/03/2017,Everton,Hull,4,0,2.63141,0.528692
18/03/2017,Bournemouth,Swansea,2,0,1.00816,0.37687
18/03/2017,Stoke,Chelsea,1,2,0.952053,1.95538
18/03/2017,Sunderland,Burnley,0,0,1.03287,1.18742
18/03/2017,West Ham,Leicester,2,3,2.32174,2.17004
18/03/2017,West Bromwich Albion,Arsenal,3,1,2.11737,0.995221
19/03/2017,Middlesbrough,Manchester United,1,3,1.09037,2.47484
19/03/2017,Tottenham,Southampton,2,1,1.64328,0.839989
19/03/2017,Manchester City,Liverpool,1,1,2.55464,1.94116
01/04/2017,Southampton,Bournemouth,0,0,1.00252,2.06307
01/04/2017,Watford,Sunderland,1,0,1.95828,0.349699
01/04/2017,Manchester United,West Bromwich Albion,0,0,0.986683,0.200297
01/04/2017,Leicester,Stoke,2,0,1.97444,1.36671
01/04/2017,Hull,West Ham,2,1,0.778704,1.24571
01/04/2017,Chelsea,Crystal Palace,1,2,3.16805,1.57423
01/04/2017,Burnley,Tottenham,0,2,0.44677,2.36346
01/04/2017,Liverpool,Everton,3,1,0.625343,1.44152
02/04/2017,Swansea,Middlesbrough,0,0,0.64382,0.748206
02/04/2017,Arsenal,Manchester City,2,2,0.738497,1.40021
04/04/2017,Manchester United,Everton,1,1,1.67424,0.589122
04/04/2017,Leicester,Sunderland,2,0,0.929134,0.7012
04/04/2017,Watford,West Bromwich Albion,2,0,0.691991,1.48109
04/04/2017,Burnley,Stoke,1,0,0.348885,1.17275
05/04/2017,Arsenal,West Ham,3,0,2.16023,0.303905
05/04/2017,Hull,Middlesbrough,4,2,2.23261,1.30673
05/04/2017,Swansea,Tottenham,1,3,0.872579,2.2242
05/04/2017,Southampton,Crystal Palace,3,1,3.34327,1.73055
05/04/2017,Chelsea,Manchester City,2,1,1.36933,2.2614
05/04/2017,Liverpool,Bournemouth,2,2,2.17263,1.31233
08/04/2017,Tottenham,Watford,4,0,1.18779,0.369968
08/04/2017,Stoke,Liverpool,1,2,2.13972,1.02225
08/04/2017,West Bromwich Albion,Southampton,0,1,2.01721,0.910339
08/04/2017,West Ham,Swansea,1,0,1.20573,0.307666
08/04/2017,Middlesbrough,Burnley,0,0,0.684683,0.809899
08/04/2017,Manchester City,Hull,3,1,2.33731,0.358364
08/04/2017,Bournemouth,Chelsea,1,3,0.384152,1.52126
09/04/2017,Everton,Leicester,4,2,2.64597,0.836095
09/04/2017,Sunderland,Manchester United,0,3,0.977316,1.6943
10/04/2017,Crystal Palace,Arsenal,3,0,2.15968,0.44226
15/04/2017,Tottenham,Bournemouth,4,0,3.28588,0.211502
15/04/2017,Stoke,Hull,3,1,2.01829,1.17696
15/04/2017,Sunderland,West Ham,2,2,1.14121,1.42815
15/04/2017,Watford,Swansea,1,0,1.22039,0.641001
15/04/2017,Everton,Burnley,3,1,1.67352,1.1469
15/04/2017,Crystal Palace,Leicester,2,2,1.67894,0.467725
15/04/2017,Southampton,Manchester City,0,3,0.616753,2.74188
16/04/2017,West Bromwich Albion,Liverpool,0,1,0.590375,1.30017
16/04/2017,Manchester United,Chelsea,2,0,0.807128,0.132913
17/04/2017,Middlesbrough,Arsenal,1,2,1.72075,1.0689
22/04/2017,Bournemouth,Middlesbrough,4,0,3.27712,0.2072
22/04/2017,Hull,Watford,2,0,1.42309,1.15869
22/04/2017,Swansea,Stoke,2,0,0.475636,1.69454
22/04/2017,West Ham,Everton,0,0,0.668323,0.104476
23/04/2017,Liverpool,Crystal Palace,1,2,0.89449,1.21741
23/04/2017,Burnley,Manchester United,0,2,0.342829,2.24747
25/04/2017,Chelsea,Southampton,4,2,1.4438,1.32952
26/04/2017,Arsenal,Leicester,1,0,0.410203,0.595173
26/04/2017,Middlesbrough,Sunderland,1,0,0.825839,0.445766
26/04/2017,Crystal Palace,Tottenham,0,1,0.321722,1.00589
27/04/2017,Manchester City,Manchester United,0,0,1.41537,0.421251
29/04/2017,Southampton,Hull,0,0,1.24844,0.472435
29/04/2017,Stoke,West Ham,0,0,1.35509,0.65149
29/04/2017,Sunderland,Bournemouth,0,1,1.6667,1.53094
29/04/2017,West Bromwich Albion,Leicester,0,1,0.809101,0.570664
29/04/2017,Crystal Palace,Burnley,0,2,0.633469,1.38569
30/04/2017,Manchester United,Swansea,1,1,1.99224,0.775713
30/04/2017,Everton,Chelsea,0,3,0.684516,1.81945
30/04/2017,Middlesbrough,Manchester City,2,2,1.17715,3.10725
30/04/2017,Tottenham,Arsenal,2,0,3.46042,0.589537
01/05/2017,Watford,Liverpool,0,1,0.436648,0.55669
05/05/2017,West Ham,Tottenham,1,0,2.21043,0.451017
06/05/2017,Leicester,Watford,3,0,1.00566,0.512433
06/05/2017,Hull,Sunderland,0,2,1.21734,1.95502
06/05/2017,Swansea,Everton,1,0,2.09244,0.270186
06/05/2017,Bournemouth,Stoke,2,2,1.30668,2.3019
06/05/2017,Manchester City,Crystal Palace,5,0,2.69837,0.241571
06/05/2017,Burnley,West Bromwich Albion,2,2,1.08649,0.82853
07/05/2017,Liverpool,Southampton,0,0,1.35967,0.182082
07/05/2017,Arsenal,Manchester United,2,0,1.03986,0.576173
08/05/2017,Chelsea,Middlesbrough,3,0,2.28046,0.0718773
10/05/2017,Southampton,Arsenal,0,2,1.25259,1.35954
12/05/2017,West Bromwich Albion,Chelsea,0,1,0.529155,1.76954
12/05/2017,Everton,Watford,1,0,1.12984,1.54861
13/05/2017,Manchester City,Leicester,2,1,1.98776,1.62503
13/05/2017,Bournemouth,Burnley,2,1,1.5499,1.1511
13/05/2017,Middlesbrough,Southampton,1,2,1.32885,1.52569
13/05/2017,Sunderland,Swansea,0,2,1.03765,0.344096
13/05/2017,Stoke,Arsenal,1,4,1.30239,2.63639
14/05/2017,West Ham,Liverpool,0,4,1.03963,3.28962
14/05/2017,Crystal Palace,Hull,4,0,2.73274,0.518148
14/05/2017,Tottenham,Manchester United,2,1,2.10698,1.03696
15/05/2017,Chelsea,Watford,4,3,2.65315,0.883368
16/05/2017,Arsenal,Sunderland,2,0,3.83905,0.271744
16/05/2017,Manchester City,West Bromwich Albion,3,1,2.58035,0.387741
17/05/2017,Southampton,Manchester United,0,0,1.66533,0.45805
18/05/2017,Leicester,Tottenham,1,6,0.725721,2.64912
21/05/2017,Watford,Manchester City,0,5,0.826124,3.26614
21/05/2017,Swansea,West Bromwich Albion,2,1,1.74555,1.60674
21/05/2017,Southampton,Stoke,0,1,1.3554,0.983464
21/05/2017,Manchester United,Crystal Palace,2,0,1.0386,0.3016
21/05/2017,Liverpool,Middlesbrough,3,0,2.16957,0.899691
21/05/2017,Leicester,Bournemouth,1,1,2.45308,0.87072
21/05/2017,Hull,Tottenham,1,7,0.812723,3.89027
21/05/2017,Chelsea,Sunderland,5,1,2.73947,0.693994
21/05/2017,Burnley,West Ham,1,2,1.70802,1.67299
21/05/2017,Arsenal,Everton,3,1,3.35075,1.8831
11/08/2017,Arsenal,Leicester,4,3,2.54329,1.46495
12/08/2017,Brighton,Manchester City,0,2,0.276343,1.86751
12/08/2017,Everton,Stoke,1,0,0.720574,0.27644
12/08/2017,Crystal Palace,Huddersfield,0,3,0.988934,1.73657
12/08/2017,West Bromwich Albion,Bournemouth,1,0,1.18399,0.378659
12/08/2017,Southampton,Swansea,0,0,2.21748,0.406196
12/08/2017,Watford,Liverpool,3,3,2.17647,2.61549
12/08/2017,Chelsea,Burnley,2,3,1.35651,0.564237
13/08/2017,Newcastle United,Tottenham,0,2,0.634633,2.34418
13/08/2017,Manchester United,West Ham,4,0,2.63853,0.62654
19/08/2017,Stoke,Arsenal,1,0,0.692644,1.40658
19/08/2017,Liverpool,Crystal Palace,1,0,2.84978,0.727364
19/08/2017,Leicester,Brighton,2,0,1.88355,0.123075
19/08/2017,Burnley,West Bromwich Albion,0,1,1.37242,0.653058
19/08/2017,Southampton,West Ham,3,2,2.1424,1.53269
19/08/2017,Swansea,Manchester United,0,4,0.304164,3.41021
19/08/2017,Bournemouth,Watford,0,2,0.766694,2.17717
20/08/2017,Huddersfield,Newcastle United,1,0,0.267008,0.973322
20/08/2017,Tottenham,Chelsea,1,2,0.72428,0.834423
21/08/2017,Manchester City,Everton,1,1,1.14216,0.59971
26/08/2017,Manchester United,Leicester,2,0,2.73725,0.670573
26/08/2017,Huddersfield,Southampton,0,0,1.51605,0.795911
26/08/2017,Watford,Brighton,0,0,0.281459,0.952357
26/08/2017,Crystal Palace,Swansea,0,2,0.818951,0.966783
26/08/2017,Bournemouth,Manchester City,1,2,0.415402,1.76626
26/08/2017,Newcastle United,West Ham,3,0,2.76107,0.558484
27/08/2017,Chelsea,Everton,2,0,1.16991,0.326655
27/08/2017,West Bromwich Albion,Stoke,1,1,0.875132,0.980905
27/08/2017,Tottenham,Burnley,1,1,2.3497,0.670943
27/08/2017,Liverpool,Arsenal,4,0,3.45998,0.484816
09/09/2017,Stoke,Manchester United,2,2,1.49928,1.96635
09/09/2017,Manchester City,Liverpool,5,0,3.14589,0.665186
09/09/2017,Southampton,Watford,0,2,0.331259,0.57794
09/09/2017,Leicester,Chelsea,1,2,1.34903,1.03943
09/09/2017,Arsenal,Bournemouth,3,0,2.48732,0.577291
09/09/2017,Brighton,West Bromwich Albion,3,1,0.396771,0.866679
09/09/2017,Everton,Tottenham,0,3,1.15144,2.17535
10/09/2017,Swansea,Newcastle United,0,1,1.48574,1.03177
10/09/2017,Burnley,Crystal Palace,1,0,0.429329,1.72996
11/09/2017,West Ham,Huddersfield,2,0,1.94969,0.339338
15/09/2017,Bournemouth,Brighton,2,1,1.39529,0.874276
16/09/2017,Crystal Palace,Southampton,0,1,2.03243,1.11428
16/09/2017,Huddersfield,Leicester,1,1,0.700349,1.24181
16/09/2017,Liverpool,Burnley,1,1,2.18727,0.334402
16/09/2017,Newcastle United,Stoke,2,1,2.6598,0.675783
16/09/2017,Watford,Manchester City,0,6,0.803933,3.99349
16/09/2017,West Bromwich Albion,West Ham,0,0,0.781891,0.266344
16/09/2017,Tottenham,Swansea,0,0,1.17894,0.154074
17/09/2017,Chelsea,Arsenal,0,0,0.762129,1.42208
17/09/2017,Manchester United,Everton,4,0,3.28722,1.06298
23/09/2017,Leicester,Liverpool,2,3,2.88766,1.92902
23/09/2017,Everton,Bournemouth,2,1,2.21092,0.384728
23/09/2017,Manchester City,Crystal Palace,5,0,5.72543,0.611018
23/09/2017,Burnley,Huddersfield,0,0,0.369454,0.312561
23/09/2017,Swansea,Watford,1,2,1.50811,1.25817
23/09/2017,Stoke,Chelsea,0,4,0.600959,1.59815
23/09/2017,West Ham,Tottenham,2,3,0.67667,1.45327
23/09/2017,Southampton,Manchester United,0,1,0.802062,1.07247
24/09/2017,Brighton,Newcastle United,1,0,0.507341,1.37001
25/09/2017,Arsenal,West Bromwich Albion,2,0,2.39316,0.766652
30/09/2017,Chelsea,Manchester City,0,1,0.911532,1.23068
30/09/2017,Bournemouth,Leicester,0,0,1.39901,0.594808
30/09/2017,West Ham,Swansea,1,0,0.692185,0.178568
30/09/2017,West Bromwich Albion,Watford,2,2,1.93896,1.62462
30/09/2017,Manchester United,Crystal Palace,4,0,3.47508,0.244321
30/09/2017,Huddersfield,Tottenham,0,4,0.196648,1.56089
30/09/2017,Stoke,Southampton,2,1,2.68136,1.42781
01/10/2017,Arsenal,Brighton,2,0,2.47818,0.386343
01/10/2017,Everton,Burnley,0,1,0.93376,0.383977
01/10/2017,Newcastle United,Liverpool,1,1,0.280437,1.64475
14/10/2017,Tottenham,Bournemouth,1,0,1.95684,0.17504
14/10/2017,Watford,Arsenal,2,1,1.63418,0.988468
14/10/2017,Swansea,Huddersfield,2,0,1.65446,0.596086
14/10/2017,Manchester City,Stoke,7,2,4.45388,0.681236
14/10/2017,Crystal Palace,Chelsea,2,1,1.51873,0.651919
14/10/2017,Burnley,West Ham,1,1,0.70219,0.835192
14/10/2017,Liverpool,Manchester United,0,0,1.92702,0.230358
15/10/2017,Brighton,Everton,1,1,1.05884,1.45518
15/10/2017,Southampton,Newcastle United,2,2,1.71445,0.950997
16/10/2017,Leicester,West Bromwich Albion,1,1,0.964277,0.155254
20/10/2017,West Ham,Brighton,0,3,0.569111,1.98345
21/10/2017,Chelsea,Watford,4,2,1.78315,1.79693
21/10/2017,Southampton,West Bromwich Albion,1,0,2.02288,0.504128
21/10/2017,Swansea,Leicester,1,2,0.559618,1.80814
21/10/2017,Newcastle United,Crystal Palace,1,0,0.270313,0.566845
21/10/2017,Manchester City,Burnley,3,0,3.71812,0.14859
21/10/2017,Huddersfield,Manchester United,2,1,1.26744,0.807135
21/10/2017,Stoke,Bournemouth,1,2,1.60117,1.11834
22/10/2017,Everton,Arsenal,2,5,0.810989,3.86029
22/10/2017,Tottenham,Liverpool,4,1,2.62043,0.667771
28/10/2017,Liverpool,Huddersfield,3,0,2.14257,0.0554802
28/10/2017,Bournemouth,Chelsea,0,1,0.455055,1.78362
28/10/2017,Watford,Stoke,0,1,1.13448,0.778883
28/10/2017,Manchester United,Tottenham,1,0,0.943496,1.08708
28/10/2017,Crystal Palace,West Ham,2,2,2.91672,0.742845
28/10/2017,Arsenal,Swansea,2,1,2.37777,0.8355
28/10/2017,West Bromwich Albion,Manchester City,2,3,1.11852,2.77085
29/10/2017,Brighton,Southampton,1,1,1.50533,0.54364
29/10/2017,Leicester,Everton,2,0,1.36768,0.575236
30/10/2017,Burnley,Newcastle United,1,0,1.0271,0.516369
04/11/2017,Stoke,Leicester,2,2,1.22988,1.39563
04/11/2017,Huddersfield,West Bromwich Albion,1,0,0.260436,0.382005
04/11/2017,Newcastle United,Bournemouth,0,1,0.676091,1.28703
04/11/2017,Southampton,Burnley,0,1,0.789259,0.137743
04/11/2017,Swansea,Brighton,0,1,1.24557,0.874927
04/11/2017,West Ham,Liverpool,1,4,1.13045,2.8773
05/11/2017,Everton,Watford,3,2,2.5796,2.05534
05/11/2017,Chelsea,Manchester United,1,0,1.8417,0.773586
05/11/2017,Tottenham,Crystal Palace,1,0,0.991813,1.10222
05/11/2017,Manchester City,Arsenal,3,1,2.15028,0.340407
18/11/2017,Arsenal,Tottenham,2,0,2.24246,0.591192
18/11/2017,West Bromwich Albion,Chelsea,0,4,0.590655,1.71709
18/11/2017,Liverpool,Southampton,3,0,2.06277,0.563886
18/11/2017,Burnley,Swansea,2,0,1.5427,0.431402
18/11/2017,Crystal Palace,Everton,2,2,2.02983,1.68728
18/11/2017,Leicester,Manchester City,0,2,0.0970457,2.40056
18/11/2017,Bournemouth,Huddersfield,4,0,1.38782,1.1633
18/11/2017,Manchester United,Newcastle United,4,1,2.57424,1.08708
19/11/2017,Watford,West Ham,2,0,1.24547,1.43369
20/11/2017,Brighton,Stoke,2,2,0.490058,1.20507
24/11/2017,West Ham,Leicester,1,1,0.775297,0.453851
25/11/2017,Crystal Palace,Stoke,2,1,1.48339,0.628292
25/11/2017,Manchester United,Brighton,1,0,1.50148,0.565072
25/11/2017,Liverpool,Chelsea,1,1,1.50368,0.739983
25/11/2017,Swansea,Bournemouth,0,0,0.879594,0.449075
25/11/2017,Tottenham,West Bromwich Albion,1,1,1.91526,0.71711
25/11/2017,Newcastle United,Watford,0,3,0.86002,2.05844
26/11/2017,Southampton,Everton,4,1,1.97034,0.147724
26/11/2017,Burnley,Arsenal,0,1,0.402745,1.75184
26/11/2017,Huddersfield,Manchester City,1,2,0.537698,2.66178
28/11/2017,Watford,Manchester United,2,4,1.29277,1.63491
28/11/2017,West Bromwich Albion,Newcastle United,2,2,0.845327,1.1342
28/11/2017,Leicester,Tottenham,2,1,0.924575,2.50552
28/11/2017,Brighton,Crystal Palace,0,0,0.475162,0.584296
29/11/2017,Bournemouth,Burnley,1,2,0.915088,1.08519
29/11/2017,Arsenal,Huddersfield,5,0,4.47889,0.475716
29/11/2017,Chelsea,Swansea,1,0,2.30012,0.0411427
29/11/2017,Everton,West Ham,4,0,1.76497,1.03658
29/11/2017,Manchester City,Southampton,2,1,1.64952,1.7066
29/11/2017,Stoke,Liverpool,0,3,0.846748,2.58757
02/12/2017,West Bromwich Albion,Crystal Palace,0,0,1.65178,0.80924
02/12/2017,Arsenal,Manchester United,1,3,4.24057,2.06831
02/12/2017,Brighton,Liverpool,1,5,1.65878,1.77566
02/12/2017,Watford,Tottenham,1,1,0.352672,0.788817
02/12/2017,Stoke,Swansea,2,1,1.24743,0.320601
02/12/2017,Leicester,Burnley,1,0,1.61269,0.789388
02/12/2017,Everton,Huddersfield,2,0,0.820024,0.223429
02/12/2017,Chelsea,Newcastle United,3,1,3.07794,0.519549
03/12/2017,Bournemouth,Southampton,1,1,1.11195,1.00264
03/12/2017,Manchester City,West Ham,2,1,2.45603,0.474483
09/12/2017,West Ham,Chelsea,1,0,0.418127,1.18891
09/12/2017,Tottenham,Stoke,5,1,4.01925,0.749296
09/12/2017,Swansea,West Bromwich Albion,1,0,1.01101,0.25228
09/12/2017,Burnley,Watford,1,0,0.485632,0.819233
09/12/2017,Crystal Palace,Bournemouth,2,2,4.61208,0.962374
09/12/2017,Huddersfield,Brighton,2,0,2.68125,0.273809
09/12/2017,Newcastle United,Leicester,2,3,0.964657,0.444099
10/12/2017,Southampton,Arsenal,1,1,1.21942,0.608352
10/12/2017,Liverpool,Everton,1,1,1.89569,0.823217
10/12/2017,Manchester United,Manchester City,1,2,1.43756,2.03041
12/12/2017,Crystal Palace,Watford,2,1,1.10545,1.40441
12/12/2017,Huddersfield,Chelsea,1,3,0.476748,1.8707
12/12/2017,Burnley,Stoke,1,0,0.360081,0.916344
13/12/2017,Swansea,Manchester City,0,4,0.589496,3.56828
13/12/2017,Newcastle United,Everton,0,1,0.570658,1.38719
13/12/2017,Southampton,Leicester,1,4,1.11749,2.24579
13/12/2017,Manchester United,Bournemouth,1,0,1.24043,0.815792
13/12/2017,West Ham,Arsenal,0,0,0.405172,1.02186
13/12/2017,Liverpool,West Bromwich Albion,0,0,2.13915,0.520382
13/12/2017,Tottenham,Brighton,2,0,1.87344,0.315616
16/12/2017,Leicester,Crystal Palace,0,3,0.758241,2.25889
16/12/2017,Arsenal,Newcastle United,1,0,2.02472,0.286547
16/12/2017,Brighton,Burnley,0,0,1.49029,1.32536
16/12/2017,Chelsea,Southampton,1,0,1.29018,0.587081
16/12/2017,Watford,Huddersfield,1,4,0.589103,3.49193
16/12/2017,Manchester City,Tottenham,4,1,4.14588,0.182456
16/12/2017,Stoke,West Ham,0,3,0.983293,3.08244
17/12/2017,Bournemouth,Liverpool,0,4,0.539178,3.25041
17/12/2017,West Bromwich Albion,Manchester United,1,2,1.076,0.898984
18/12/2017,Everton,Swansea,3,1,2.01756,0.766224
22/12/2017,Arsenal,Liverpool,3,3,1.13104,2.05947
23/12/2017,Everton,Chelsea,0,0,0.342403,1.84971
23/12/2017,Swansea,Crystal Palace,1,1,0.546613,1.25546
23/12/2017,West Ham,Newcastle United,2,3,2.31898,1.90622
23/12/2017,Brighton,Watford,1,0,1.40139,1.30044
23/12/2017,Stoke,West Bromwich Albion,3,1,1.7986,2.0544
23/12/2017,Southampton,Huddersfield,1,1,1.73805,1.09381
23/12/2017,Manchester City,Bournemouth,4,0,1.55724,0.334896
23/12/2017,Burnley,Tottenham,0,3,0.159735,3.30947
23/12/2017,Leicester,Manchester United,2,2,1.56465,2.15281
26/12/2017,Liverpool,Swansea,5,0,3.06422,0.2719
26/12/2017,West Bromwich Albion,Everton,0,0,1.18168,0.405775
26/12/2017,Watford,Leicester,2,1,1.43009,1.54771
26/12/2017,Manchester United,Burnley,2,2,1.80763,0.786214
26/12/2017,Chelsea,Brighton,2,0,2.16934,0.452601
26/12/2017,Bournemouth,West Ham,3,3,2.84928,1.87596
26/12/2017,Tottenham,Southampton,5,2,3.08413,0.591118
26/12/2017,Huddersfield,Stoke,1,1,1.8756,1.19984
27/12/2017,Newcastle United,Manchester City,0,1,0.174705,1.93187
28/12/2017,Crystal Palace,Arsenal,2,3,1.14522,1.84104
30/12/2017,Huddersfield,Burnley,0,0,0.049118,1.20923
30/12/2017,Bournemouth,Everton,2,1,1.39955,0.599608
30/12/2017,Chelsea,Stoke,5,0,3.09527,0.28218
30/12/2017,Liverpool,Leicester,2,1,2.56607,0.789667
30/12/2017,Newcastle United,Brighton,0,0,0.504379,0.630058
30/12/2017,Watford,Swansea,1,2,1.17794,1.31479
30/12/2017,Manchester United,Southampton,0,0,1.87247,0.85013
31/12/2017,Crystal Palace,Manchester City,0,0,1.72153,1.09586
31/12/2017,West Bromwich Albion,Arsenal,1,1,1.39429,0.917801
01/01/2018,Everton,Manchester United,0,2,1.23952,1.26247
01/01/2018,Stoke,Newcastle United,0,1,1.50029,2.02028
01/01/2018,Burnley,Liverpool,1,2,0.900466,1.62514
01/01/2018,Brighton,Bournemouth,2,2,2.37332,1.28248
01/01/2018,Leicester,Huddersfield,3,0,1.45074,0.226625
02/01/2018,West Ham,West Bromwich Albion,2,1,1.0594,0.63538
02/01/2018,Southampton,Crystal Palace,1,2,0.445301,1.34294
02/01/2018,Swansea,Tottenham,0,2,0.397789,1.61843
02/01/2018,Manchester City,Watford,3,1,2.77398,0.965283
03/01/2018,Arsenal,Chelsea,2,2,1.23205,3.0768
04/01/2018,Tottenham,West Ham,1,1,1.64908,0.612933
13/01/2018,West Bromwich Albion,Brighton,2,0,1.38478,0.530765
13/01/2018,Chelsea,Leicester,0,0,0.622946,1.36341
13/01/2018,Crystal Palace,Burnley,1,0,1.80971,0.907849
13/01/2018,Huddersfield,West Ham,1,4,0.681,0.986853
13/01/2018,Newcastle United,Swansea,1,1,1.8273,0.895774
13/01/2018,Watford,Southampton,2,2,1.67369,0.857637
13/01/2018,Tottenham,Everton,4,0,4.21366,0.290345
14/01/2018,Liverpool,Manchester City,4,3,1.01595,0.722959
14/01/2018,Bournemouth,Arsenal,2,1,0.822285,1.00956
15/01/2018,Manchester United,Stoke,3,0,1.9485,1.47603
20/01/2018,Brighton,Chelsea,0,4,0.881174,1.52008
20/01/2018,Arsenal,Crystal Palace,4,1,3.56519,0.501202
20/01/2018,Burnley,Manchester United,0,1,0.568215,0.860828
20/01/2018,Everton,West Bromwich Albion,1,1,0.92355,1.34998
20/01/2018,Leicester,Watford,2,0,1.51932,0.740795
20/01/2018,Stoke,Huddersfield,2,0,0.987799,0.238458
20/01/2018,West Ham,Bournemouth,1,1,0.980241,0.501886
20/01/2018,Manchester City,Newcastle United,3,1,2.5505,0.992018
21/01/2018,Southampton,Tottenham,1,1,1.15209,1.30653
22/01/2018,Swansea,Liverpool,1,0,0.498742,2.19675
30/01/2018,Swansea,Arsenal,3,1,2.37911,1.15616
30/01/2018,West Ham,Crystal Palace,1,1,1.11632,1.15809
30/01/2018,Huddersfield,Liverpool,0,3,0.288048,2.05148
31/01/2018,Tottenham,Manchester United,2,0,2.0117,0.817997
31/01/2018,Stoke,Watford,0,0,0.722172,0.740773
31/01/2018,Everton,Leicester,2,1,1.53072,2.65018
31/01/2018,Manchester City,West Bromwich Albion,3,0,2.68955,0.118043
31/01/2018,Newcastle United,Burnley,1,1,2.52275,1.22828
31/01/2018,Southampton,Brighton,1,1,1.27393,1.07907
31/01/2018,Chelsea,Bournemouth,0,3,1.14795,1.42447
03/02/2018,Burnley,Manchester City,1,1,0.795971,2.24914
03/02/2018,Bournemouth,Stoke,2,1,1.91091,0.721222
03/02/2018,Brighton,West Ham,3,1,1.64227,0.443751
03/02/2018,Leicester,Swansea,1,1,1.48466,0.569943
03/02/2018,Manchester United,Huddersfield,2,0,1.63389,0.13049
03/02/2018,West Bromwich Albion,Southampton,2,3,0.876603,0.99695
03/02/2018,Arsenal,Everton,5,1,3.19622,1.49065
04/02/2018,Crystal Palace,Newcastle United,1,1,3.00238,1.14408
04/02/2018,Liverpool,Tottenham,2,2,1.28962,2.54392
05/02/2018,Watford,Chelsea,4,1,2.12696,0.573557
10/02/2018,Manchester City,Leicester,5,1,2.59121,0.109716
10/02/2018,Swansea,Burnley,1,0,0.843332,0.430729
10/02/2018,West Ham,Watford,2,0,1.83359,0.799928
10/02/2018,Everton,Crystal Palace,3,1,1.48792,1.65713
10/02/2018,Tottenham,Arsenal,1,0,2.63564,0.487297
10/02/2018,Stoke,Brighton,1,1,1.39547,0.897856
11/02/2018,Huddersfield,Bournemouth,4,1,2.56699,0.433555
11/02/2018,Newcastle United,Manchester United,1,0,0.676656,1.71995
11/02/2018,Southampton,Liverpool,0,2,0.854343,2.35575
12/02/2018,Chelsea,West Bromwich Albion,3,0,2.37995,0.628806
24/02/2018,Watford,Everton,1,0,0.606929,0.665127
24/02/2018,Burnley,Southampton,1,1,1.28178,0.65898
24/02/2018,Liverpool,West Ham,4,1,3.9205,0.33527
24/02/2018,Brighton,Swansea,4,1,3.2913,0.443169
24/02/2018,Bournemouth,Newcastle United,2,2,1.20646,4.23567
24/02/2018,Leicester,Stoke,1,1,1.12487,0.166078
24/02/2018,West Bromwich Albion,Huddersfield,1,2,1.50162,1.18101
25/02/2018,Crystal Palace,Tottenham,0,1,0.184958,1.65074
25/02/2018,Manchester United,Chelsea,2,1,1.30036,1.68958
01/03/2018,Arsenal,Manchester City,0,3,1.30172,1.92605
03/03/2018,Tottenham,Huddersfield,2,0,1.63794,0.138106
03/03/2018,Liverpool,Newcastle United,2,0,1.56935,0.255322
03/03/2018,Watford,West Bromwich Albion,1,0,1.23526,1.09115
03/03/2018,Southampton,Stoke,0,0,0.982895,0.385303
03/03/2018,Leicester,Bournemouth,1,1,2.97799,1.4035
03/03/2018,Burnley,Everton,2,1,2.33524,1.79993
03/03/2018,Swansea,West Ham,4,1,2.30838,0.497211
04/03/2018,Brighton,Arsenal,2,1,1.48498,0.801513
04/03/2018,Manchester City,Chelsea,1,0,0.953312,0.118301
05/03/2018,Crystal Palace,Manchester United,2,3,0.74138,1.25439
10/03/2018,Manchester United,Liverpool,2,1,0.845051,0.777089
10/03/2018,Everton,Brighton,2,0,1.68868,0.321797
10/03/2018,Huddersfield,Swansea,0,0,1.39381,0
10/03/2018,Newcastle United,Southampton,3,0,1.35847,0.496723
10/03/2018,West Bromwich Albion,Leicester,1,4,0.360925,1.86524
10/03/2018,West Ham,Burnley,0,3,0.72673,1.41929
10/03/2018,Chelsea,Crystal Palace,2,1,3.87829,1.13893
11/03/2018,Bournemouth,Tottenham,1,4,1.17387,2.53124
11/03/2018,Arsenal,Watford,3,0,2.38263,1.54676
12/03/2018,Stoke,Manchester City,0,2,0.157023,1.64562
17/03/2018,Bournemouth,West Bromwich Albion,2,1,0.685329,1.74488
17/03/2018,Huddersfield,Crystal Palace,0,2,0.220381,2.74705
17/03/2018,Stoke,Everton,1,2,0.894266,2.97881
17/03/2018,Liverpool,Watford,5,0,1.81208,0.35476
31/03/2018,Crystal Palace,Liverpool,1,2,1.90868,1.72037
31/03/2018,Brighton,Leicester,0,2,1.60322,1.26582
31/03/2018,West Ham,Southampton,3,0,1.44971,0.446641
31/03/2018,Manchester United,Swansea,2,0,2.14368,0.138813
31/03/2018,Newcastle United,Huddersfield,1,0,2.53617,0.280847
31/03/2018,Watford,Bournemouth,2,2,0.76133,2.1146
31/03/2018,West Bromwich Albion,Burnley,1,2,0.394723,1.41534
31/03/2018,Everton,Manchester City,1,3,0.859628,1.91312
01/04/2018,Chelsea,Tottenham,1,3,1.209,1.3895
01/04/2018,Arsenal,Stoke,3,0,3.56649,0.342516
07/04/2018,Manchester City,Manchester United,2,3,3.42967,1.21683
07/04/2018,Watford,Burnley,1,2,1.36685,1.38319
07/04/2018,West Bromwich Albion,Swansea,1,1,1.22912,0.655729
07/04/2018,Stoke,Tottenham,1,2,1.40115,1.79894
07/04/2018,Everton,Liverpool,0,0,0.723427,0.947321
07/04/2018,Brighton,Huddersfield,1,1,1.53244,1.48964
07/04/2018,Bournemouth,Crystal Palace,2,2,2.09227,1.14558
07/04/2018,Leicester,Newcastle United,1,2,1.09224,0.285116
08/04/2018,Arsenal,Southampton,3,2,1.58895,2.16699
08/04/2018,Chelsea,West Ham,1,1,2.12073,0.302554
14/04/2018,Southampton,Chelsea,2,3,1.2922,0.663817
14/04/2018,Burnley,Leicester,2,1,1.05951,1.99812
14/04/2018,Crystal Palace,Brighton,3,2,2.49925,1.54485
14/04/2018,Huddersfield,Watford,1,0,0.929512,0.306273
14/04/2018,Swansea,Everton,1,1,1.19751,1.61456
14/04/2018,Liverpool,Bournemouth,3,0,2.6402,0.540593
14/04/2018,Tottenham,Manchester City,1,3,0.445014,3.61987
15/04/2018,Manchester United,West Bromwich Albion,0,1,0.639748,0.824508
15/04/2018,Newcastle United,Arsenal,2,1,0.888452,1.41538
16/04/2018,West Ham,Stoke,1,1,0.807456,1.41085
17/04/2018,Brighton,Tottenham,1,1,0.988099,1.36248
18/04/2018,Bournemouth,Manchester United,0,2,1.18301,1.61597
19/04/2018,Burnley,Chelsea,1,2,0.221642,1.7717
19/04/2018,Leicester,Southampton,0,0,0.515248,0.651171
21/04/2018,West Bromwich Albion,Liverpool,2,2,1.39669,1.6393
21/04/2018,Watford,Crystal Palace,0,0,0.59455,0.182325
22/04/2018,Arsenal,West Ham,4,1,2.07299,0.623161
22/04/2018,Stoke,Burnley,1,1,0.356095,1.61309
22/04/2018,Manchester City,Swansea,5,0,3.41675,0.297493
23/04/2018,Everton,Newcastle United,1,0,0.948534,0.480957
28/04/2018,Newcastle United,West Bromwich Albion,0,1,1.58397,0.703096
28/04/2018,Swansea,Chelsea,0,1,0.502964,1.45426
28/04/2018,Huddersfield,Everton,0,2,0.56538,0.943754
28/04/2018,Southampton,Bournemouth,2,1,1.72584,1.01741
28/04/2018,Burnley,Brighton,0,0,1.54596,0.378409
28/04/2018,Liverpool,Stoke,0,0,2.11658,0.777827
28/04/2018,Crystal Palace,Leicester,5,0,2.7876,0.941395
29/04/2018,West Ham,Manchester City,1,4,0.228917,2.29076
29/04/2018,Manchester United,Arsenal,2,1,1.54667,0.651541
30/04/2018,Tottenham,Watford,2,0,1.76757,1.36928
04/05/2018,Brighton,Manchester United,1,0,0.922771,0.652444
05/05/2018,Stoke,Crystal Palace,1,2,0.750175,1.31471
05/05/2018,Leicester,West Ham,0,2,0.391738,1.43027
05/05/2018,Watford,Newcastle United,2,1,2.81246,0.613901
05/05/2018,West Bromwich Albion,Tottenham,1,0,1.21792,0.969481
05/05/2018,Bournemouth,Swansea,1,0,1.69618,1.0138
05/05/2018,Everton,Southampton,1,1,0.420891,0.634996
06/05/2018,Manchester City,Huddersfield,0,0,0.78641,0.54565
06/05/2018,Chelsea,Liverpool,1,0,0.806168,0.427002
06/05/2018,Arsenal,Burnley,5,0,2.92408,0.21671
08/05/2018,Swansea,Southampton,0,1,0.389621,1.48865
09/05/2018,Leicester,Arsenal,3,1,2.19801,1.54443
09/05/2018,Chelsea,Huddersfield,1,1,2.25256,0.631021
09/05/2018,Manchester City,Brighton,3,1,1.64765,1.00939
09/05/2018,Tottenham,Newcastle United,1,0,0.835241,0.829699
10/05/2018,West Ham,Manchester United,0,0,0.783043,0.596075
13/05/2018,West Ham,Everton,3,1,1.18299,1.67867
13/05/2018,Tottenham,Leicester,5,4,1.83248,1.27359
13/05/2018,Swansea,Stoke,1,2,1.70936,1.75436
13/05/2018,Burnley,Bournemouth,1,2,1.16179,1.38551
13/05/2018,Crystal Palace,West Bromwich Albion,2,0,2.36491,0.216004
13/05/2018,Huddersfield,Arsenal,0,1,1.31031,2.3322
13/05/2018,Liverpool,Brighton,4,0,3.50981,0.0408165
13/05/2018,Manchester United,Watford,1,0,0.45805,0.654288
13/05/2018,Newcastle United,Chelsea,3,0,2.24197,0.843284
13/05/2018,Southampton,Manchester City,0,1,0.506624,0.765614
10/08/2018,Manchester United,Leicester,2,1,1.5137,1.73813
11/08/2018,Wolverhampton Wanderers,Everton,2,2,0.891038,0.715382
11/08/2018,Fulham,Crystal Palace,0,2,0.638076,1.07816
11/08/2018,Bournemouth,Cardiff,2,0,2.60022,1.50693
11/08/2018,Watford,Brighton,2,0,1.42372,0.45504
11/08/2018,Newcastle United,Tottenham,1,2,0.974497,2.58097
11/08/2018,Huddersfield,Chelsea,0,3,0.396115,2.31427
12/08/2018,Southampton,Burnley,0,0,1.01994,1.40827
12/08/2018,Liverpool,West Ham,4,0,4.34421,0.404253
12/08/2018,Arsenal,Manchester City,0,2,0.445187,2.0178
18/08/2018,Cardiff,Newcastle United,0,0,1.15521,1.55405
18/08/2018,West Ham,Bournemouth,1,2,1.10275,1.69077
18/08/2018,Tottenham,Fulham,3,1,3.26713,1.44253
18/08/2018,Leicester,Wolverhampton Wanderers,2,0,0.222843,1.09349
18/08/2018,Everton,Southampton,2,1,2.02004,1.77471
18/08/2018,Chelsea,Arsenal,3,2,1.71799,2.45798
19/08/2018,Manchester City,Huddersfield,6,1,4.60356,0.663731
19/08/2018,Burnley,Watford,1,3,0.392642,1.9171
19/08/2018,Brighton,Manchester United,3,2,1.63672,1.56579
20/08/2018,Crystal Palace,Liverpool,0,2,0.368608,2.82183
25/08/2018,Liverpool,Brighton,1,0,1.81412,0.535616
25/08/2018,Arsenal,West Ham,3,1,1.7852,1.17924
25/08/2018,Bournemouth,Everton,2,2,2.5887,0.543665
25/08/2018,Huddersfield,Cardiff,0,0,0.203453,1.06351
25/08/2018,Southampton,Leicester,1,2,0.542494,0.517935
25/08/2018,Wolverhampton Wanderers,Manchester City,1,1,1.26376,1.84293
26/08/2018,Watford,Crystal Palace,2,1,1.14596,1.21905
26/08/2018,Fulham,Burnley,4,2,1.92459,1.56882
26/08/2018,Newcastle United,Chelsea,1,2,0.209337,1.49669
27/08/2018,Manchester United,Tottenham,0,3,1.40321,1.80811
01/09/2018,Leicester,Liverpool,1,2,0.981217,1.22722
01/09/2018,West Ham,Wolverhampton Wanderers,0,1,0.888887,1.22301
01/09/2018,Everton,Huddersfield,1,1,0.616013,0.660035
01/09/2018,Crystal Palace,Southampton,0,2,2.35193,3.13612
01/09/2018,Chelsea,Bournemouth,2,0,1.16408,0.950959
01/09/2018,Brighton,Fulham,2,2,2.68216,1.51555
01/09/2018,Manchester City,Newcastle United,2,1,2.46904,0.554763
02/09/2018,Watford,Tottenham,2,1,0.454309,0.582521
02/09/2018,Burnley,Manchester United,0,2,1.09923,2.90359
02/09/2018,Cardiff,Arsenal,2,3,0.77426,1.41005
15/09/2018,Watford,Manchester United,1,2,1.17523,1.64902
15/09/2018,Bournemouth,Leicester,4,2,2.22726,1.82502
15/09/2018,Chelsea,Cardiff,4,1,2.67145,0.8276
15/09/2018,Tottenham,Liverpool,1,2,0.788168,3.01015
15/09/2018,Manchester City,Fulham,3,0,4.91621,0.342698
15/09/2018,Newcastle United,Arsenal,1,2,0.412121,0.90461
15/09/2018,Huddersfield,Crystal Palace,0,1,0.87744,0.746631
16/09/2018,Wolverhampton Wanderers,Burnley,1,0,3.3916,0.208994
16/09/2018,Everton,West Ham,1,3,1.26774,1.52437
17/09/2018,Southampton,Brighton,2,2,2.19521,1.97094
22/09/2018,Brighton,Tottenham,1,2,0.817174,2.11655
22/09/2018,Cardiff,Manchester City,0,5,0.0980726,3.08415
22/09/2018,Crystal Palace,Newcastle United,0,0,0.930793,0.229309
22/09/2018,Burnley,Bournemouth,4,0,2.29417,0.976413
22/09/2018,Liverpool,Southampton,3,0,1.77893,0.310467
22/09/2018,Manchester United,Wolverhampton Wanderers,1,1,0.62283,1.1185
22/09/2018,Leicester,Huddersfield,3,1,1.80404,0.688176
22/09/2018,Fulham,Watford,1,1,1.77245,1.76133
23/09/2018,Arsenal,Everton,2,0,0.930544,1.06523
23/09/2018,West Ham,Chelsea,0,0,1.0177,1.88344
29/09/2018,West Ham,Manchester United,3,1,1.3029,0.865739
29/09/2018,Wolverhampton Wanderers,Southampton,2,0,1.42507,0.679627
29/09/2018,Newcastle United,Leicester,0,2,0.397301,1.34341
29/09/2018,Huddersfield,Tottenham,0,2,0.339245,2.33733
29/09/2018,Everton,Fulham,3,0,2.31538,0.536317
29/09/2018,Arsenal,Watford,2,0,1.57061,2.62141
29/09/2018,Chelsea,Liverpool,1,1,1.77638,1.74071
29/09/2018,Manchester City,Brighton,2,0,2.90697,0.23023
30/09/2018,Cardiff,Burnley,1,2,1.56707,0.111527
01/10/2018,Bournemouth,Crystal Palace,2,1,1.97143,0.385841
05/10/2018,Brighton,West Ham,1,0,1.02566,1.43652
06/10/2018,Crystal Palace,Wolverhampton Wanderers,0,1,1.03714,0.755654
06/10/2018,Burnley,Huddersfield,1,1,0.353128,1.02549
06/10/2018,Manchester United,Newcastle United,3,2,2.40631,1.55962
06/10/2018,Leicester,Everton,1,2,1.10472,1.14952
06/10/2018,Watford,Bournemouth,0,4,1.06613,3.28471
06/10/2018,Tottenham,Cardiff,1,0,2.6517,1.13843
07/10/2018,Fulham,Arsenal,1,5,1.31588,1.13706
07/10/2018,Southampton,Chelsea,0,3,1.487,3.54699
07/10/2018,Liverpool,Manchester City,0,0,0.433994,1.07481
20/10/2018,Huddersfield,Liverpool,0,1,0.638341,0.663819
20/10/2018,Bournemouth,Southampton,0,0,0.840403,0.589633
20/10/2018,Cardiff,Fulham,4,2,1.7562,0.947712
20/10/2018,Manchester City,Burnley,5,0,4.48577,0.370236
20/10/2018,Newcastle United,Brighton,0,1,1.71169,0.675798
20/10/2018,West Ham,Tottenham,0,1,0.544268,1.11777
20/10/2018,Wolverhampton Wanderers,Watford,0,2,0.47391,1.0684
20/10/2018,Chelsea,Manchester United,2,2,2.21163,1.11454
21/10/2018,Everton,Crystal Palace,2,0,1.92794,1.50174
22/10/2018,Arsenal,Leicester,3,1,2.91637,0.932491
27/10/2018,Leicester,West Ham,1,1,1.95344,1.56009
27/10/2018,Southampton,Newcastle United,0,0,1.19216,0.297646
27/10/2018,Watford,Huddersfield,3,0,2.29622,0.479655
27/10/2018,Fulham,Bournemouth,0,3,0.383833,2.10555
27/10/2018,Liverpool,Cardiff,4,1,2.30176,0.643117
27/10/2018,Brighton,Wolverhampton Wanderers,1,0,1.01337,1.38027
28/10/2018,Crystal Palace,Arsenal,2,2,2.38115,0.845197
28/10/2018,Burnley,Chelsea,0,4,0.269828,3.01621
28/10/2018,Manchester United,Everton,2,1,2.51393,1.67348
29/10/2018,Tottenham,Manchester City,0,1,0.442436,1.93588
03/11/2018,Bournemouth,Manchester United,1,2,1.928,3.29249
03/11/2018,West Ham,Burnley,4,2,2.55739,0.882514
03/11/2018,Newcastle United,Watford,1,0,0.691575,2.5452
03/11/2018,Everton,Brighton,3,1,2.59305,0.676348
03/11/2018,Cardiff,Leicester,0,1,0.922262,2.18288
03/11/2018,Arsenal,Liverpool,1,1,1.62321,1.19558
03/11/2018,Wolverhampton Wanderers,Tottenham,2,3,2.40643,1.63123
04/11/2018,Manchester City,Southampton,6,1,2.76272,1.81466
04/11/2018,Chelsea,Crystal Palace,3,1,1.88741,0.454547
05/11/2018,Huddersfield,Fulham,1,0,0.51433,0.354166
10/11/2018,Cardiff,Brighton,2,1,1.94297,0.767044
10/11/2018,Southampton,Watford,1,1,1.20211,1.07573
10/11/2018,Newcastle United,Bournemouth,2,1,2.57545,1.91687
10/11/2018,Leicester,Burnley,0,0,1.5091,0.368393
10/11/2018,Huddersfield,West Ham,1,1,1.17524,1.44113
10/11/2018,Crystal Palace,Tottenham,0,1,0.688016,1.55381
11/11/2018,Liverpool,Fulham,2,0,2.22417,0.571301
11/11/2018,Chelsea,Everton,0,0,1.16298,0.198027
11/11/2018,Manchester City,Manchester United,3,1,2.02764,0.97089
11/11/2018,Arsenal,Wolverhampton Wanderers,1,1,0.965843,1.86549
24/11/2018,Brighton,Leicester,1,1,0.862315,1.12521
24/11/2018,Everton,Cardiff,1,0,2.48066,0.879108
24/11/2018,Fulham,Southampton,3,2,1.3875,1.67163
24/11/2018,Tottenham,Chelsea,3,1,3.34649,0.962804
24/11/2018,Watford,Liverpool,0,3,0.673382,1.45314
24/11/2018,West Ham,Manchester City,0,4,0.829504,2.95852
24/11/2018,Manchester United,Crystal Palace,0,0,1.34245,1.05292
25/11/2018,Bournemouth,Arsenal,1,2,0.650884,1.71044
25/11/2018,Wolverhampton Wanderers,Huddersfield,0,2,0.701036,0.627281
26/11/2018,Burnley,Newcastle United,1,2,1.49487,1.67701
30/11/2018,Cardiff,Wolverhampton Wanderers,2,1,1.09264,0.987623
01/12/2018,Southampton,Manchester United,2,2,0.623954,0.904803
01/12/2018,Crystal Palace,Burnley,2,0,2.03785,0.302477
01/12/2018,Huddersfield,Brighton,1,2,0.558083,1.67998
01/12/2018,Leicester,Watford,2,0,1.41758,1.19923
01/12/2018,Newcastle United,West Ham,0,3,1.12583,2.62697
01/12/2018,Manchester City,Bournemouth,3,1,2.83557,0.715009
02/12/2018,Chelsea,Fulham,2,0,2.17105,0.285256
02/12/2018,Arsenal,Tottenham,4,2,2.71421,1.0926
02/12/2018,Liverpool,Everton,1,0,3.07574,1.23014
04/12/2018,West Ham,Cardiff,3,1,1.57488,1.93448
04/12/2018,Brighton,Crystal Palace,3,1,1.2521,1.5329
04/12/2018,Bournemouth,Huddersfield,2,1,1.07393,1.5631
04/12/2018,Watford,Manchester City,1,2,1.672,2.51933
05/12/2018,Manchester United,Arsenal,2,2,1.33679,1.73226
05/12/2018,Tottenham,Southampton,3,1,1.73642,1.82434
05/12/2018,Everton,Newcastle United,1,1,2.10943,1.52214
05/12/2018,Wolverhampton Wanderers,Chelsea,2,1,0.682893,1.10702
05/12/2018,Fulham,Leicester,1,1,1.47593,1.21575
05/12/2018,Burnley,Liverpool,1,3,1.05809,2.73897
08/12/2018,Bournemouth,Liverpool,0,4,0.279142,1.80619
08/12/2018,West Ham,Crystal Palace,3,2,1.53635,0.934613
08/12/2018,Manchester United,Fulham,4,1,3.15444,1.23251
08/12/2018,Cardiff,Southampton,1,0,1.55832,0.501128
08/12/2018,Burnley,Brighton,1,0,1.81251,0.951507
08/12/2018,Arsenal,Huddersfield,1,0,2.02156,0.308361
08/12/2018,Chelsea,Manchester City,2,0,0.526329,0.740048
08/12/2018,Leicester,Tottenham,0,2,0.357742,0.917968
09/12/2018,Newcastle United,Wolverhampton Wanderers,1,2,0.4601,1.57799
10/12/2018,Everton,Watford,2,2,1.72686,1.63043
15/12/2018,Fulham,West Ham,0,2,1.03424,0.75325
15/12/2018,Huddersfield,Newcastle United,0,1,0.671382,0.931041
15/12/2018,Tottenham,Burnley,1,0,1.74625,0.451196
15/12/2018,Crystal Palace,Leicester,1,0,0.39698,0.895305
15/12/2018,Wolverhampton Wanderers,Bournemouth,2,0,2.02223,0.52685
15/12/2018,Manchester City,Everton,3,1,1.79848,1.6235
15/12/2018,Watford,Cardiff,3,2,1.64998,0.485768
16/12/2018,Southampton,Arsenal,3,2,1.21163,1.85763
16/12/2018,Brighton,Chelsea,1,2,0.26126,1.6111
16/12/2018,Liverpool,Manchester United,3,1,2.60435,0.658049
21/12/2018,Wolverhampton Wanderers,Liverpool,0,2,0.763821,2.16356
22/12/2018,Cardiff,Manchester United,1,5,1.27173,2.72523
22/12/2018,Bournemouth,Brighton,2,0,0.892502,0.825478
22/12/2018,Chelsea,Leicester,0,1,2.40458,0.456492
22/12/2018,Huddersfield,Southampton,1,3,1.0038,2.60172
22/12/2018,Newcastle United,Fulham,0,0,0.289508,0.245408
22/12/2018,West Ham,Watford,0,2,2.06507,2.32983
22/12/2018,Arsenal,Burnley,3,1,1.4656,1.03237
22/12/2018,Manchester City,Crystal Palace,2,3,1.27118,1.14609
23/12/2018,Everton,Tottenham,2,6,1.00121,2.55514
26/12/2018,Burnley,Everton,1,5,1.88646,1.8875
26/12/2018,Watford,Chelsea,1,2,1.24414,2.1956
26/12/2018,Brighton,Arsenal,1,1,1.38502,0.789138
26/12/2018,Crystal Palace,Cardiff,0,0,2.43202,1.05926
26/12/2018,Fulham,Wolverhampton Wanderers,1,1,1.2769,1.35896
26/12/2018,Liverpool,Newcastle United,4,0,3.24988,0.456309
26/12/2018,Manchester United,Huddersfield,3,1,1.79848,1.40594
26/12/2018,Tottenham,Bournemouth,5,0,2.23457,1.21736
26/12/2018,Leicester,Manchester City,2,1,1.55714,1.34781
27/12/2018,Southampton,West Ham,1,2,1.28665,1.26973
29/12/2018,Watford,Newcastle United,1,1,1.05566,0.661713
29/12/2018,Tottenham,Wolverhampton Wanderers,1,3,0.277704,1.20867
29/12/2018,Leicester,Cardiff,0,1,1.51648,0.493212
29/12/2018,Fulham,Huddersfield,1,0,1.72386,0.276791
29/12/2018,Brighton,Everton,1,0,1.60311,0.655851
29/12/2018,Liverpool,Arsenal,5,1,3.7053,1.08186
30/12/2018,Manchester United,Bournemouth,4,1,3.41874,0.705549
30/12/2018,Burnley,West Ham,2,0,2.89884,0.656044
30/12/2018,Crystal Palace,Chelsea,0,1,0.199002,0.741471
30/12/2018,Southampton,Manchester City,1,3,0.221381,2.96802
01/01/2019,Everton,Leicester,0,1,0.871304,0.644144
01/01/2019,Arsenal,Fulham,4,1,4.43325,1.71312
01/01/2019,Cardiff,Tottenham,0,3,1.0789,1.38282
02/01/2019,Wolverhampton Wanderers,Crystal Palace,0,2,0.656255,1.94658
02/01/2019,West Ham,Brighton,2,2,0.639356,0.686806
02/01/2019,Huddersfield,Burnley,1,2,0.621818,2.66309
02/01/2019,Chelsea,Southampton,0,0,0.850791,0.158168
02/01/2019,Bournemouth,Watford,3,3,2.84828,0.977046
02/01/2019,Newcastle United,Manchester United,0,2,0.691878,2.6754
03/01/2019,Manchester City,Liverpool,2,1,1.00357,1.3801
12/01/2019,Brighton,Liverpool,0,1,0.384198,2.2665
12/01/2019,Chelsea,Newcastle United,2,1,1.32355,0.395148
12/01/2019,Cardiff,Huddersfield,0,0,0.124558,0.39468
12/01/2019,Burnley,Fulham,2,1,0.809801,0.903255
12/01/2019,Crystal Palace,Watford,1,2,1.1617,1.56262
12/01/2019,Leicester,Southampton,1,2,1.75983,1.41659
12/01/2019,West Ham,Arsenal,1,0,0.669394,0.685895
13/01/2019,Everton,Bournemouth,2,0,1.7814,1.52828
13/01/2019,Tottenham,Manchester United,0,1,1.80359,0.957777
14/01/2019,Manchester City,Wolverhampton Wanderers,3,0,3.11947,0.0985446
19/01/2019,Arsenal,Chelsea,2,0,2.09412,0.755304
19/01/2019,Bournemouth,West Ham,2,0,1.24835,0.971813
19/01/2019,Liverpool,Crystal Palace,4,3,2.8299,0.695213
19/01/2019,Manchester United,Brighton,2,1,2.64005,0.635111
19/01/2019,Newcastle United,Cardiff,3,0,2.518,0.255727
19/01/2019,Southampton,Everton,2,1,1.06009,1.31169
19/01/2019,Watford,Burnley,0,0,1.06981,1.97256
19/01/2019,Wolverhampton Wanderers,Leicester,4,3,2.21719,1.33831
20/01/2019,Huddersfield,Manchester City,0,3,0.764264,2.01376
20/01/2019,Fulham,Tottenham,1,2,0.937902,1.93316
29/01/2019,Newcastle United,Manchester City,2,1,0.992326,1.33896
29/01/2019,Manchester United,Burnley,2,2,3.23417,0.934603
29/01/2019,Arsenal,Cardiff,2,1,2.69339,0.597893
29/01/2019,Wolverhampton Wanderers,West Ham,3,0,2.0363,0.130179
29/01/2019,Huddersfield,Everton,0,1,0.73078,1.05995
29/01/2019,Fulham,Brighton,4,2,3.46113,2.36867
30/01/2019,Bournemouth,Chelsea,4,0,2.15094,0.718873
30/01/2019,Southampton,Crystal Palace,1,1,1.33257,1.53294
30/01/2019,Tottenham,Watford,2,1,1.36248,0.479838
30/01/2019,Liverpool,Leicester,1,1,0.576336,1.1272
02/02/2019,Tottenham,Newcastle United,1,0,3.10409,0.400152
02/02/2019,Everton,Wolverhampton Wanderers,1,3,1.36252,1.85729
02/02/2019,Crystal Palace,Fulham,2,0,2.19582,0.560836
02/02/2019,Chelsea,Huddersfield,5,0,2.94236,0.260391
02/02/2019,Burnley,Southampton,1,1,2.00175,0.787747
02/02/2019,Brighton,Watford,0,0,1.83528,0.279297
02/02/2019,Cardiff,Bournemouth,2,0,2.53093,0.35199
03/02/2019,Manchester City,Arsenal,3,1,3.03102,0.703542
03/02/2019,Leicester,Manchester United,0,1,1.40067,1.49717
04/02/2019,West Ham,Liverpool,1,1,0.791319,1.12475
06/02/2019,Everton,Manchester City,0,2,0.111559,2.60922
09/02/2019,Fulham,Manchester United,0,3,2.18741,2.13209
09/02/2019,Crystal Palace,West Ham,1,1,2.68412,1.74711
09/02/2019,Watford,Everton,1,0,1.53311,0.641094
09/02/2019,Southampton,Cardiff,1,2,1.70666,0.980673
09/02/2019,Liverpool,Bournemouth,3,0,2.53003,0.390995
09/02/2019,Huddersfield,Arsenal,1,2,1.96816,1.46751
09/02/2019,Brighton,Burnley,1,3,1.31614,1.83041
10/02/2019,Tottenham,Leicester,3,1,1.21144,3.02164
10/02/2019,Manchester City,Chelsea,6,0,4.04218,0.901867
11/02/2019,Wolverhampton Wanderers,Newcastle United,1,1,2.30998,0.435263
22/02/2019,West Ham,Fulham,3,1,2.72871,1.23555
22/02/2019,Cardiff,Watford,1,5,1.90045,2.75798
23/02/2019,Leicester,Crystal Palace,1,4,0.946697,1.57739
23/02/2019,Bournemouth,Wolverhampton Wanderers,1,1,2.13291,1.20286
23/02/2019,Burnley,Tottenham,2,1,1.08514,0.845211
23/02/2019,Newcastle United,Huddersfield,2,0,3.03313,0.133934
24/02/2019,Manchester United,Liverpool,0,0,0.474869,0.380519
24/02/2019,Arsenal,Southampton,2,0,2.35088,0.613167
26/02/2019,Leicester,Brighton,2,1,1.92171,1.20566
26/02/2019,Huddersfield,Wolverhampton Wanderers,1,0,1.46224,0.573166
26/02/2019,Cardiff,Everton,0,3,0.219359,1.14212
26/02/2019,Newcastle United,Burnley,2,0,1.70312,1.74201
27/02/2019,Manchester City,West Ham,1,0,3.67741,0.400125
27/02/2019,Arsenal,Bournemouth,5,1,3.18716,0.88618
27/02/2019,Southampton,Fulham,2,0,1.15823,0.798715
27/02/2019,Crystal Palace,Manchester United,1,3,1.69334,1.54089
27/02/2019,Chelsea,Tottenham,2,0,0.625978,0.722229
27/02/2019,Liverpool,Watford,5,0,2.74266,0.630423
02/03/2019,Brighton,Huddersfield,1,0,1.39896,0.2014
02/03/2019,Bournemouth,Manchester City,0,1,0,1.59515
02/03/2019,Burnley,Crystal Palace,1,3,1.90872,0.706284
02/03/2019,West Ham,Newcastle United,2,0,1.88895,1.18549
02/03/2019,Wolverhampton Wanderers,Cardiff,2,0,3.2075,0.702261
02/03/2019,Tottenham,Arsenal,1,1,1.76818,3.45713
02/03/2019,Manchester United,Southampton,3,2,2.54216,0.578485
03/03/2019,Watford,Leicester,2,1,1.36515,0.794683
03/03/2019,Fulham,Chelsea,1,2,0.898469,1.53632
03/03/2019,Everton,Liverpool,0,0,0.241879,0.811272
09/03/2019,Manchester City,Watford,3,1,3.75714,0.407168
09/03/2019,Cardiff,West Ham,2,0,3.49275,0.295869
09/03/2019,Huddersfield,Bournemouth,0,2,0.339087,2.16389
09/03/2019,Newcastle United,Everton,3,2,2.37896,1.15114
09/03/2019,Southampton,Tottenham,2,1,2.07772,1.26876
09/03/2019,Crystal Palace,Brighton,1,2,1.44291,0.129312
09/03/2019,Leicester,Fulham,3,1,2.13494,0.15103
10/03/2019,Arsenal,Manchester United,2,0,1.52723,2.3703
10/03/2019,Liverpool,Burnley,4,2,4.12341,0.471571
10/03/2019,Chelsea,Wolverhampton Wanderers,1,1,1.0471,0.609079
16/03/2019,Bournemouth,Newcastle United,2,2,1.61666,1.02847
16/03/2019,West Ham,Huddersfield,4,3,1.88114,1.66909
16/03/2019,Burnley,Leicester,1,2,1.17008,0.608954
17/03/2019,Fulham,Liverpool,1,2,0.915765,2.73437
17/03/2019,Everton,Chelsea,2,0,2.24031,1.24394
30/03/2019,Fulham,Manchester City,0,2,0.661491,2.31513
30/03/2019,Manchester United,Watford,2,1,1.98052,1.35208
30/03/2019,Leicester,Bournemouth,2,0,1.8935,0.790333
30/03/2019,Crystal Palace,Huddersfield,2,0,2.84701,0.926991
30/03/2019,Burnley,Wolverhampton Wanderers,2,0,0.572695,0.397928
30/03/2019,Brighton,Southampton,0,1,0.560521,0.857436
30/03/2019,West Ham,Everton,0,2,0.0891639,2.65983
31/03/2019,Cardiff,Chelsea,1,2,0.446122,2.07834
31/03/2019,Liverpool,Tottenham,2,1,1.0931,1.04822
01/04/2019,Arsenal,Newcastle United,2,0,1.04458,0.0441445
02/04/2019,Watford,Fulham,4,1,1.59338,1.90917
02/04/2019,Wolverhampton Wanderers,Manchester United,2,1,1.65044,2.03847
03/04/2019,Tottenham,Crystal Palace,2,0,2.57376,0.564317
03/04/2019,Manchester City,Cardiff,2,0,3.53913,0.135788
03/04/2019,Chelsea,Brighton,3,0,3.12416,0.440898
05/04/2019,Southampton,Liverpool,1,3,0.718394,2.00654
06/04/2019,Newcastle United,Crystal Palace,0,1,0.943175,0.907988
06/04/2019,Huddersfield,Leicester,1,4,1.62301,3.61876
06/04/2019,Bournemouth,Burnley,1,3,1.20888,1.38919
07/04/2019,Everton,Arsenal,1,0,2.69396,0.201885
08/04/2019,Chelsea,West Ham,2,0,2.23287,0.471195
12/04/2019,Leicester,Newcastle United,0,1,0.877377,0.945804
13/04/2019,Manchester United,West Ham,2,1,2.65125,1.42817
13/04/2019,Brighton,Bournemouth,0,5,0.206731,2.76885
13/04/2019,Burnley,Cardiff,2,0,2.84358,0.872224
13/04/2019,Tottenham,Huddersfield,4,0,2.78596,0.983527
13/04/2019,Southampton,Wolverhampton Wanderers,3,1,3.80842,0.642825
13/04/2019,Fulham,Everton,2,0,1.66303,1.29107
14/04/2019,Liverpool,Chelsea,2,0,1.30839,0.873177
14/04/2019,Crystal Palace,Manchester City,1,3,0.318169,2.86236
15/04/2019,Watford,Arsenal,0,1,1.12595,2.2668
16/04/2019,Brighton,Cardiff,0,2,0.588539,0.819472
20/04/2019,Manchester City,Tottenham,1,0,2.06185,1.19894
20/04/2019,Wolverhampton Wanderers,Brighton,0,0,2.60447,0.115051
20/04/2019,West Ham,Leicester,2,2,1.36558,0.8065
20/04/2019,Huddersfield,Watford,1,2,1.09072,1.08462
20/04/2019,Bournemouth,Fulham,0,1,2.83739,2.61689
20/04/2019,Newcastle United,Southampton,3,1,1.23033,1.27102
21/04/2019,Everton,Manchester United,4,0,1.5204,0.305982
21/04/2019,Cardiff,Liverpool,0,2,1.1187,2.42404
21/04/2019,Arsenal,Crystal Palace,2,3,1.54245,2.56216
22/04/2019,Chelsea,Burnley,2,2,1.28197,0.788788
23/04/2019,Watford,Southampton,1,1,1.27253,2.11999
23/04/2019,Tottenham,Brighton,1,0,1.0032,0.143138
24/04/2019,Wolverhampton Wanderers,Arsenal,3,1,0.982018,0.939754
24/04/2019,Manchester United,Manchester City,0,2,0.514509,0.530481
26/04/2019,Liverpool,Huddersfield,5,0,3.58922,0.1624
27/04/2019,Brighton,Newcastle United,1,1,1.20482,0.43797
27/04/2019,Crystal Palace,Everton,0,0,0.261344,1.15217
27/04/2019,Fulham,Cardiff,1,0,0.519072,1.11322
27/04/2019,Watford,Wolverhampton Wanderers,1,2,0.896093,2.44357
27/04/2019,Tottenham,West Ham,0,1,1.35378,0.991558
27/04/2019,Southampton,Bournemouth,3,3,2.73537,2.62214
28/04/2019,Leicester,Arsenal,3,0,3.6797,0.600697
28/04/2019,Burnley,Manchester City,0,1,0.0899809,2.34878
28/04/2019,Manchester United,Chelsea,1,1,1.12483,1.6298
03/05/2019,Everton,Burnley,2,0,1.76461,0.473292
04/05/2019,Cardiff,Crystal Palace,2,3,1.4996,1.80991
04/05/2019,West Ham,Southampton,3,0,1.99866,0.443686
04/05/2019,Newcastle United,Liverpool,2,3,1.29707,1.48081
04/05/2019,Bournemouth,Tottenham,1,0,2.22622,0.713362
04/05/2019,Wolverhampton Wanderers,Fulham,1,0,2.09397,0.512477
05/05/2019,Huddersfield,Manchester United,1,1,0.73663,1.88049
05/05/2019,Chelsea,Watford,3,0,2.96478,1.2712
05/05/2019,Arsenal,Brighton,1,1,2.36178,1.90585
06/05/2019,Manchester City,Leicester,1,0,1.08617,0.537307
12/05/2019,Fulham,Newcastle United,0,4,0.569845,1.95921
12/05/2019,Brighton,Manchester City,1,4,0.595313,2.22234
12/05/2019,Burnley,Arsenal,1,3,1.72939,2.87276
12/05/2019,Crystal Palace,Bournemouth,5,3,2.85899,1.8981
12/05/2019,Leicester,Chelsea,0,0,0.345306,1.26735
12/05/2019,Southampton,Huddersfield,1,1,0.941018,0.857152
12/05/2019,Manchester United,Cardiff,0,2,1.89555,1.71095
12/05/2019,Watford,West Ham,1,4,2.06986,3.20094
12/05/2019,Liverpool,Wolverhampton Wanderers,2,0,1.70197,0.883861
12/05/2019,Tottenham,Everton,2,2,0.882608,2.06851
09/08/2019,Liverpool,Norwich,4,1,2.23456,0.842407
10/08/2019,Tottenham,Aston Villa,3,1,2.57262,0.639599
10/08/2019,West Ham,Manchester City,0,5,1.2003,3.18377
10/08/2019,Bournemouth,Sheffield United,1,1,1.34099,1.59864
10/08/2019,Burnley,Southampton,3,0,0.909241,1.08752
10/08/2019,Crystal Palace,Everton,0,0,0.87159,1.2246
10/08/2019,Watford,Brighton,0,3,0.670022,0.855516
11/08/2019,Manchester United,Chelsea,4,0,2.37442,1.09534
11/08/2019,Leicester,Wolverhampton Wanderers,0,0,0.543759,0.812949
11/08/2019,Newcastle United,Arsenal,0,1,0.380551,1.13309
17/08/2019,Arsenal,Burnley,2,1,1.1644,1.39172
17/08/2019,Aston Villa,Bournemouth,1,2,1.65069,1.62777
17/08/2019,Brighton,West Ham,1,1,2.40461,1.00856
17/08/2019,Everton,Watford,1,0,0.832913,1.17279
17/08/2019,Norwich,Newcastle United,3,1,2.09572,0.920429
17/08/2019,Southampton,Liverpool,1,2,2.14047,1.52022
17/08/2019,Manchester City,Tottenham,2,2,3.20076,0.074542
18/08/2019,Sheffield United,Crystal Palace,1,0,1.84778,0.241912
18/08/2019,Chelsea,Leicester,1,1,1.22629,0.947941
19/08/2019,Wolverhampton Wanderers,Manchester United,1,1,0.307356,1.14332
23/08/2019,Aston Villa,Everton,2,0,0.855926,1.25668
24/08/2019,Manchester United,Crystal Palace,1,2,2.23561,0.676993
24/08/2019,Liverpool,Arsenal,3,1,2.78821,0.985542
24/08/2019,Watford,West Ham,1,3,2.29348,3.45768
24/08/2019,Sheffield United,Leicester,1,2,0.654318,0.704879
24/08/2019,Norwich,Chelsea,2,3,1.07904,1.89428
24/08/2019,Brighton,Southampton,0,2,0.997711,2.07795
25/08/2019,Bournemouth,Manchester City,1,3,1.89345,3.12856
25/08/2019,Wolverhampton Wanderers,Burnley,1,1,1.32793,1.22762
25/08/2019,Tottenham,Newcastle United,0,1,1.25927,0.51428
31/08/2019,Southampton,Manchester United,1,1,0.769616,1.90356
31/08/2019,West Ham,Norwich,2,0,2.20657,1.1674
31/08/2019,Chelsea,Sheffield United,2,2,2.30579,1.04649
31/08/2019,Crystal Palace,Aston Villa,1,0,1.41394,0.30354
31/08/2019,Leicester,Bournemouth,3,1,2.23766,0.554726
31/08/2019,Manchester City,Brighton,4,0,2.30818,0.861035
31/08/2019,Newcastle United,Watford,1,1,1.04131,1.1068
31/08/2019,Burnley,Liverpool,0,3,0.61739,1.20057
01/09/2019,Everton,Wolverhampton Wanderers,3,2,1.48842,2.00172
01/09/2019,Arsenal,Tottenham,2,2,1.92509,1.95514
14/09/2019,Norwich,Manchester City,3,2,1.7413,2.34436
14/09/2019,Wolverhampton Wanderers,Chelsea,2,5,1.49359,3.06799
14/09/2019,Sheffield United,Southampton,0,1,1.88034,1.57659
14/09/2019,Tottenham,Crystal Palace,4,0,1.04944,0.577323
14/09/2019,Manchester United,Leicester,1,0,1.10019,0.459141
14/09/2019,Brighton,Burnley,1,1,1.68545,0.341654
14/09/2019,Liverpool,Newcastle United,3,1,2.93281,0.291073
15/09/2019,Bournemouth,Everton,3,1,1.41542,1.50641
15/09/2019,Watford,Arsenal,2,2,2.83209,1.00616
16/09/2019,Aston Villa,West Ham,0,0,1.40502,0.535279
20/09/2019,Southampton,Bournemouth,1,3,2.18021,1.29773
21/09/2019,Newcastle United,Brighton,0,0,1.09807,1.21592
21/09/2019,Burnley,Norwich,2,0,2.39312,0.801428
21/09/2019,Everton,Sheffield United,0,2,1.26041,0.508011
21/09/2019,Leicester,Tottenham,2,1,1.28752,1.33735
21/09/2019,Manchester City,Watford,8,0,6.63049,0.344718
22/09/2019,Crystal Palace,Wolverhampton Wanderers,1,1,0.984777,1.75572
22/09/2019,West Ham,Manchester United,2,0,0.51376,1.27826
22/09/2019,Chelsea,Liverpool,1,2,1.23321,1.03003
22/09/2019,Arsenal,Aston Villa,3,2,2.53209,1.71546
28/09/2019,Chelsea,Brighton,2,0,4.26443,0.616263
28/09/2019,Everton,Manchester City,1,3,2.35854,3.1082
28/09/2019,Crystal Palace,Norwich,2,0,1.80497,0.712129
28/09/2019,Bournemouth,West Ham,2,2,2.31957,1.29546
28/09/2019,Tottenham,Southampton,2,1,1.19008,1.16256
28/09/2019,Wolverhampton Wanderers,Watford,2,0,1.16363,1.06615
28/09/2019,Sheffield United,Liverpool,0,1,1.17022,1.97079
28/09/2019,Aston Villa,Burnley,2,2,0.914266,1.66919
29/09/2019,Leicester,Newcastle United,5,0,1.82438,0.054134
30/09/2019,Manchester United,Arsenal,1,1,1.1335,1.70399
05/10/2019,West Ham,Crystal Palace,1,2,1.23577,2.0682
05/10/2019,Brighton,Tottenham,3,0,2.60017,0.478504
05/10/2019,Burnley,Everton,1,0,0.558912,1.30723
05/10/2019,Liverpool,Leicester,2,1,3.74867,0.0982107
05/10/2019,Norwich,Aston Villa,1,5,1.84838,3.67827
05/10/2019,Watford,Sheffield United,0,0,1.44318,0.353724
06/10/2019,Arsenal,Bournemouth,1,0,1.24109,0.683967
06/10/2019,Newcastle United,Manchester United,1,0,0.650296,0.969204
06/10/2019,Manchester City,Wolverhampton Wanderers,0,2,1.61884,1.18825
06/10/2019,Southampton,Chelsea,1,4,1.27044,2.15201
19/10/2019,Everton,West Ham,2,0,2.23324,0.459112
19/10/2019,Aston Villa,Brighton,2,1,2.96692,1.32184
19/10/2019,Bournemouth,Norwich,0,0,0.675554,0.402873
19/10/2019,Chelsea,Newcastle United,1,0,2.30068,0.197082
19/10/2019,Leicester,Burnley,2,1,0.8291,1.79569
19/10/2019,Tottenham,Watford,1,1,0.891617,0.846851
19/10/2019,Wolverhampton Wanderers,Southampton,1,1,0.887495,1.37695
19/10/2019,Crystal Palace,Manchester City,0,2,0.616864,4.02104
20/10/2019,Manchester United,Liverpool,1,1,0.791862,1.03212
21/10/2019,Sheffield United,Arsenal,1,0,0.895722,0.949735
25/10/2019,Southampton,Leicester,0,9,0.457334,4.38046
26/10/2019,West Ham,Sheffield United,1,1,2.33891,1.16171
26/10/2019,Watford,Bournemouth,0,0,0.674903,0.899526
26/10/2019,Burnley,Chelsea,2,4,2.23494,0.988321
26/10/2019,Manchester City,Aston Villa,3,0,3.19004,0.980145
26/10/2019,Brighton,Everton,3,2,1.15279,1.04723
27/10/2019,Newcastle United,Wolverhampton Wanderers,1,1,0.603104,1.93255
27/10/2019,Arsenal,Crystal Palace,2,2,1.54014,1.77892
27/10/2019,Liverpool,Tottenham,2,1,2.18851,1.35143
27/10/2019,Norwich,Manchester United,1,3,0.8924,4.51232
02/11/2019,Watford,Chelsea,1,2,1.4744,2.18313
02/11/2019,West Ham,Newcastle United,2,3,1.53597,1.93192
02/11/2019,Sheffield United,Burnley,3,0,2.58392,0.716613
02/11/2019,Manchester City,Southampton,2,1,3.36132,0.893889
02/11/2019,Brighton,Norwich,2,0,2.65496,0.455082
02/11/2019,Arsenal,Wolverhampton Wanderers,1,1,1.02552,1.5103
02/11/2019,Bournemouth,Manchester United,1,0,1.86862,0.641129
02/11/2019,Aston Villa,Liverpool,1,2,0.741615,2.38824
03/11/2019,Crystal Palace,Leicester,0,2,0.44291,0.981167
03/11/2019,Everton,Tottenham,1,1,1.15532,0.243393
08/11/2019,Norwich,Watford,0,2,0.62104,1.36017
09/11/2019,Tottenham,Sheffield United,1,1,1.5104,0.923443
09/11/2019,Leicester,Arsenal,2,0,1.37055,0.961339
09/11/2019,Southampton,Everton,1,2,0.742281,2.08883
09/11/2019,Newcastle United,Bournemouth,2,1,2.3306,1.9213
09/11/2019,Burnley,West Ham,3,0,2.4158,0.474281
09/11/2019,Chelsea,Crystal Palace,2,0,3.28903,0.479488
10/11/2019,Wolverhampton Wanderers,Aston Villa,2,1,2.09891,0.473225
10/11/2019,Manchester United,Brighton,3,1,3.65299,1.1342
10/11/2019,Liverpool,Manchester City,3,1,1.3319,1.48104
23/11/2019,Manchester City,Chelsea,2,1,1.23596,0.820474
23/11/2019,Watford,Burnley,0,3,0.902384,2.66281
23/11/2019,Everton,Norwich,0,2,0.812693,1.80849
23/11/2019,Crystal Palace,Liverpool,1,2,1.02306,1.64291
23/11/2019,Brighton,Leicester,0,2,0.784706,3.50917
23/11/2019,Bournemouth,Wolverhampton Wanderers,1,2,0.849789,1.2765
23/11/2019,Arsenal,Southampton,2,2,1.60823,2.60312
23/11/2019,West Ham,Tottenham,2,3,0.661449,2.20681
24/11/2019,Sheffield United,Manchester United,3,3,1.56025,1.33065
25/11/2019,Aston Villa,Newcastle United,2,0,2.6985,0.69784
30/11/2019,Southampton,Watford,2,1,1.9671,0.504005
30/11/2019,Tottenham,Bournemouth,3,2,2.93189,1.02949
30/11/2019,Liverpool,Brighton,2,1,1.36832,0.867601
30/11/2019,Burnley,Crystal Palace,0,2,1.8509,0.936732
30/11/2019,Newcastle United,Manchester City,2,2,0.208252,2.44389
30/11/2019,Chelsea,West Ham,0,1,2.73185,1.12034
01/12/2019,Wolverhampton Wanderers,Sheffield United,1,1,1.27422,1.47296
01/12/2019,Norwich,Arsenal,2,2,0.810596,1.96157
01/12/2019,Leicester,Everton,2,1,2.24348,1.24986
01/12/2019,Manchester United,Aston Villa,2,2,1.84804,1.29701
03/12/2019,Crystal Palace,Bournemouth,1,0,0.383763,0.342799
03/12/2019,Burnley,Manchester City,1,4,0.486548,2.56057
04/12/2019,Liverpool,Everton,5,2,2.41397,1.76453
04/12/2019,Leicester,Watford,2,0,2.28735,0.199733
04/12/2019,Wolverhampton Wanderers,West Ham,2,0,1.82237,0.501977
04/12/2019,Manchester United,Tottenham,2,1,1.47683,0.542315
04/12/2019,Chelsea,Aston Villa,2,1,1.9774,0.86086
04/12/2019,Southampton,Norwich,2,1,2.00232,0.896647
05/12/2019,Arsenal,Brighton,1,2,0.965377,1.53446
05/12/2019,Sheffield United,Newcastle United,0,2,1.09175,0.533775
07/12/2019,Everton,Chelsea,3,1,2.03892,1.25734
07/12/2019,Bournemouth,Liverpool,0,3,0.154608,3.04446
07/12/2019,Tottenham,Burnley,5,0,2.39684,1.08645
07/12/2019,Watford,Crystal Palace,0,0,1.57132,0.210746
07/12/2019,Manchester City,Manchester United,1,2,2.07108,1.63385
08/12/2019,Norwich,Sheffield United,1,2,0.585805,0.712899
08/12/2019,Brighton,Wolverhampton Wanderers,2,2,0.951621,1.87208
08/12/2019,Aston Villa,Leicester,1,4,1.24141,4.03286
08/12/2019,Newcastle United,Southampton,2,1,1.10449,1.89255
09/12/2019,West Ham,Arsenal,1,3,0.521847,1.79181
14/12/2019,Southampton,West Ham,0,1,0.805884,0.90324
14/12/2019,Liverpool,Watford,2,0,1.56674,1.01166
14/12/2019,Burnley,Newcastle United,1,0,1.43602,1.08726
14/12/2019,Chelsea,Bournemouth,0,1,2.02119,1.20777
14/12/2019,Leicester,Norwich,1,1,1.06421,1.16408
14/12/2019,Sheffield United,Aston Villa,2,0,1.888,0.97258
15/12/2019,Arsenal,Manchester City,0,3,0.28161,1.69553
15/12/2019,Manchester United,Everton,1,1,1.48327,0.276759
15/12/2019,Wolverhampton Wanderers,Tottenham,1,2,0.718669,0.989205
16/12/2019,Crystal Palace,Brighton,1,1,0.484859,2.48355
21/12/2019,Everton,Arsenal,0,0,0.486523,0.881818
21/12/2019,Aston Villa,Southampton,1,3,0.921054,2.63444
21/12/2019,Bournemouth,Burnley,0,1,0.138532,0.144318
21/12/2019,Brighton,Sheffield United,0,1,0.428371,1.65933
21/12/2019,Newcastle United,Crystal Palace,1,0,0.714368,0.985368
21/12/2019,Norwich,Wolverhampton Wanderers,1,2,1.26536,1.65224
21/12/2019,Manchester City,Leicester,3,1,3.59139,1.01388
22/12/2019,Watford,Manchester United,2,0,1.59291,1.5309
22/12/2019,Tottenham,Chelsea,0,2,0.276667,1.49374
26/12/2019,Everton,Burnley,1,0,1.47521,0.565252
26/12/2019,Manchester United,Newcastle United,4,1,1.99638,1.05018
26/12/2019,Sheffield United,Watford,1,1,2.04481,0.596611
26/12/2019,Leicester,Liverpool,0,4,0.120994,3.76973
26/12/2019,Chelsea,Southampton,0,2,0.859973,0.981321
26/12/2019,Bournemouth,Arsenal,1,1,1.55463,1.42464
26/12/2019,Aston Villa,Norwich,1,0,0.654194,1.45005
26/12/2019,Tottenham,Brighton,2,1,1.02645,1.09007
26/12/2019,Crystal Palace,West Ham,2,1,2.14195,0.796338
27/12/2019,Wolverhampton Wanderers,Manchester City,3,2,2.39405,1.52044
28/12/2019,Burnley,Manchester United,0,2,0.386662,2.10542
28/12/2019,West Ham,Leicester,1,2,0.782104,2.62349
28/12/2019,Watford,Aston Villa,3,0,3.25314,0.610997
28/12/2019,Norwich,Tottenham,2,2,0.268052,1.82189
28/12/2019,Newcastle United,Everton,1,2,1.63211,2.82576
28/12/2019,Brighton,Bournemouth,2,0,1.05876,0.500726
28/12/2019,Southampton,Crystal Palace,1,1,1.47937,0.137837
29/12/2019,Arsenal,Chelsea,1,2,0.785214,1.49666
29/12/2019,Liverpool,Wolverhampton Wanderers,1,0,1.49124,0.363764
29/12/2019,Manchester City,Sheffield United,2,0,1.08628,1.23346
01/01/2020,Manchester City,Everton,2,1,1.79757,0.848942
01/01/2020,Arsenal,Manchester United,2,0,1.90747,0.715563
01/01/2020,Norwich,Crystal Palace,1,1,1.66454,1.29896
01/01/2020,West Ham,Bournemouth,4,0,2.32825,0.720709
01/01/2020,Burnley,Aston Villa,1,2,2.34418,1.74824
01/01/2020,Southampton,Tottenham,1,0,1.51192,1.078
01/01/2020,Newcastle United,Leicester,0,3,0.780118,2.43642
01/01/2020,Brighton,Chelsea,1,1,1.56978,1.57497
01/01/2020,Watford,Wolverhampton Wanderers,2,1,1.07053,1.23252
02/01/2020,Liverpool,Sheffield United,2,0,3.0465,0.634607
10/01/2020,Sheffield United,West Ham,1,0,2.02768,0.90477
11/01/2020,Tottenham,Liverpool,0,1,1.10584,1.74564
11/01/2020,Crystal Palace,Arsenal,1,1,0.317862,1.43924
11/01/2020,Wolverhampton Wanderers,Newcastle United,1,1,2.04805,0.184495
11/01/2020,Chelsea,Burnley,3,0,2.87633,0.717407
11/01/2020,Everton,Brighton,1,0,2.02533,1.53324
11/01/2020,Leicester,Southampton,1,2,0.780114,2.40601
11/01/2020,Manchester United,Norwich,4,0,3.13456,0.275987
12/01/2020,Aston Villa,Manchester City,1,6,1.12565,3.75131
12/01/2020,Bournemouth,Watford,0,3,0.320447,2.29827
18/01/2020,Watford,Tottenham,0,0,2.39174,1.76697
18/01/2020,Arsenal,Sheffield United,1,1,1.22882,1.18444
18/01/2020,Manchester City,Crystal Palace,2,2,2.47314,0.586716
18/01/2020,Brighton,Aston Villa,1,1,1.30028,1.02045
18/01/2020,Norwich,Bournemouth,1,0,1.76046,0.558298
18/01/2020,Southampton,Wolverhampton Wanderers,2,3,0.786974,2.1772
18/01/2020,West Ham,Everton,1,1,1.68436,1.95473
18/01/2020,Newcastle United,Chelsea,1,0,0.892988,2.05436
19/01/2020,Liverpool,Manchester United,2,0,2.00655,1.4185
19/01/2020,Burnley,Leicester,2,1,1.50886,2.33415
21/01/2020,Aston Villa,Watford,2,1,1.06739,1.81101
21/01/2020,Sheffield United,Manchester City,0,1,0.774943,2.873
21/01/2020,Everton,Newcastle United,2,2,2.05254,0.570931
21/01/2020,Bournemouth,Brighton,3,1,1.92315,1.97227
21/01/2020,Crystal Palace,Southampton,0,2,0.674589,1.1306
21/01/2020,Chelsea,Arsenal,2,2,3.38612,0.568077
22/01/2020,Manchester United,Burnley,0,2,1.416,0.717284
22/01/2020,Leicester,West Ham,4,1,2.91302,1.16254
22/01/2020,Tottenham,Norwich,2,1,2.22282,1.42472
23/01/2020,Wolverhampton Wanderers,Liverpool,1,2,1.85442,1.59024
29/01/2020,West Ham,Liverpool,0,2,0.878341,2.59926
01/02/2020,Leicester,Chelsea,2,2,1.65956,0.806995
01/02/2020,Bournemouth,Aston Villa,2,1,2.72236,1.40955
01/02/2020,Crystal Palace,Sheffield United,0,1,0.970063,0.860755
01/02/2020,Liverpool,Southampton,4,0,3.7195,0.716298
01/02/2020,Newcastle United,Norwich,0,0,0.937293,2.39985
01/02/2020,Watford,Everton,2,3,0.919248,2.70178
01/02/2020,West Ham,Brighton,3,3,1.30774,2.03179
01/02/2020,Manchester United,Wolverhampton Wanderers,0,0,1.18608,1.54211
02/02/2020,Burnley,Arsenal,0,0,2.24562,1.48025
02/02/2020,Tottenham,Manchester City,2,0,0.420293,3.25139
08/02/2020,Everton,Crystal Palace,3,1,2.79103,0.865323
08/02/2020,Brighton,Watford,1,1,0.76201,0.280048
09/02/2020,Sheffield United,Bournemouth,2,1,2.04467,1.07183
14/02/2020,Wolverhampton Wanderers,Leicester,0,0,1.14491,0.527366
15/02/2020,Southampton,Burnley,1,2,0.694025,0.892699
15/02/2020,Norwich,Liverpool,0,1,0.383495,2.07331
16/02/2020,Aston Villa,Tottenham,2,3,1.71313,3.86024
16/02/2020,Arsenal,Newcastle United,4,0,3.02257,1.16662
17/02/2020,Chelsea,Manchester United,0,2,0.940204,0.681814
19/02/2020,Manchester City,West Ham,2,0,2.13777,0.0895892
22/02/2020,Chelsea,Tottenham,2,1,1.78193,0.265879
22/02/2020,Crystal Palace,Newcastle United,1,0,1.75552,0.164495
22/02/2020,Burnley,Bournemouth,3,0,3.09935,1.75718
22/02/2020,Southampton,Aston Villa,2,0,3.02926,0.47235
22/02/2020,Sheffield United,Brighton,1,1,1.6597,1.06035
22/02/2020,Leicester,Manchester City,0,1,0.723269,2.42749
23/02/2020,Manchester United,Watford,3,0,2.5042,0.294956
23/02/2020,Wolverhampton Wanderers,Norwich,3,0,3.25033,0.360646
23/02/2020,Arsenal,Everton,3,2,1.33567,2.65691
24/02/2020,Liverpool,West Ham,3,2,2.48209,0.638236
28/02/2020,Norwich,Leicester,1,0,0.591716,1.42581
29/02/2020,Brighton,Crystal Palace,0,1,1.78712,2.17159
29/02/2020,Bournemouth,Chelsea,2,2,1.58495,1.98271
29/02/2020,Newcastle United,Burnley,0,0,1.11713,0.617612
29/02/2020,West Ham,Southampton,3,1,2.78682,0.868573
29/02/2020,Watford,Liverpool,3,0,2.71351,0.206031
01/03/2020,Everton,Manchester United,1,1,2.41259,1.12561
01/03/2020,Tottenham,Wolverhampton Wanderers,2,3,1.63079,2.62251
07/03/2020,Burnley,Tottenham,1,1,3.33302,1.13669
07/03/2020,Wolverhampton Wanderers,Brighton,0,0,0.898221,0.308874
07/03/2020,Southampton,Newcastle United,0,1,0.348871,3.06384
07/03/2020,Liverpool,Bournemouth,2,1,1.89453,1.29544
07/03/2020,Crystal Palace,Watford,1,0,0.856107,0.449161
07/03/2020,Arsenal,West Ham,1,0,1.55974,1.61615
07/03/2020,Sheffield United,Norwich,1,0,1.17263,2.55449
08/03/2020,Chelsea,Everton,4,0,2.02883,0.445922
08/03/2020,Manchester United,Manchester City,2,0,1.7389,0.585469
09/03/2020,Leicester,Aston Villa,4,0,2.41239,0.672448
17/06/2020,Aston Villa,Sheffield United,0,0,1.00877,0.235909
17/06/2020,Manchester City,Arsenal,3,0,2.73725,0.496759
19/06/2020,Norwich,Southampton,0,3,0.654932,1.87099
19/06/2020,Tottenham,Manchester United,1,1,0.534852,1.77307
20/06/2020,Watford,Leicester,1,1,1.00765,1.05245
20/06/2020,Brighton,Arsenal,2,1,0.670973,0.69627
20/06/2020,West Ham,Wolverhampton Wanderers,0,2,0.44207,1.06433
20/06/2020,Bournemouth,Crystal Palace,0,2,0.363637,0.788453
21/06/2020,Newcastle United,Sheffield United,3,0,2.15148,0.57107
21/06/2020,Aston Villa,Chelsea,1,2,1.57223,1.14011
21/06/2020,Everton,Liverpool,0,0,0.621456,0.659123
22/06/2020,Manchester City,Burnley,5,0,2.71096,0.0303408
23/06/2020,Leicester,Brighton,0,0,0.505486,1.10227
23/06/2020,Tottenham,West Ham,2,0,2.24125,0.83104
24/06/2020,Liverpool,Crystal Palace,4,0,2.56729,0.0645285
24/06/2020,Manchester United,Sheffield United,3,0,2.8416,0.108082
24/06/2020,Newcastle United,Aston Villa,1,1,0.661808,1.22985
24/06/2020,Norwich,Everton,0,1,0.382813,0.654912
24/06/2020,Wolverhampton Wanderers,Bournemouth,1,0,0.715002,0.0619009
25/06/2020,Burnley,Watford,1,0,0.964774,0.495542
25/06/2020,Southampton,Arsenal,0,2,0.738305,2.18595
25/06/2020,Chelsea,Manchester City,2,1,4.206,0.690594
27/06/2020,Aston Villa,Wolverhampton Wanderers,0,1,0.403418,0.703549
28/06/2020,Watford,Southampton,1,3,0.365347,1.3364
29/06/2020,Crystal Palace,Burnley,0,1,1.06533,0.359906
30/06/2020,Brighton,Manchester United,0,3,0.31013,1.20903
01/07/2020,Arsenal,Norwich,4,0,1.76496,0.153871
01/07/2020,Bournemouth,Newcastle United,1,4,1.27503,2.23457
01/07/2020,Everton,Leicester,2,1,1.17592,1.80384
01/07/2020,West Ham,Chelsea,3,2,2.10497,1.57609
02/07/2020,Sheffield United,Tottenham,3,1,1.59994,1.01524
02/07/2020,Manchester City,Liverpool,4,0,2.65433,0.819606
04/07/2020,Chelsea,Watford,3,0,2.78877,0.608971
04/07/2020,Wolverhampton Wanderers,Arsenal,0,2,0.985166,1.28273
04/07/2020,Manchester United,Bournemouth,5,2,2.63259,1.52161
04/07/2020,Leicester,Crystal Palace,3,0,2.20683,0.507537
04/07/2020,Norwich,Brighton,0,1,0.545069,0.903046
05/07/2020,Burnley,Sheffield United,1,1,1.31966,1.63343
05/07/2020,Newcastle United,West Ham,2,2,1.49121,2.03065
05/07/2020,Liverpool,Aston Villa,2,0,1.0837,0.689775
05/07/2020,Southampton,Manchester City,1,0,0.628765,3.39575
06/07/2020,Tottenham,Everton,1,0,0.511828,0.403762
07/07/2020,Crystal Palace,Chelsea,2,3,1.2882,2.65753
07/07/2020,Watford,Norwich,2,1,0.725199,1.13378
07/07/2020,Arsenal,Leicester,1,1,1.29023,1.00238
08/07/2020,Manchester City,Newcastle United,5,0,3.28662,0.21643
08/07/2020,Sheffield United,Wolverhampton Wanderers,1,0,0.470483,0.326909
08/07/2020,West Ham,Burnley,0,1,1.99821,1.05291
08/07/2020,Brighton,Liverpool,1,3,2.3646,2.61624
09/07/2020,Everton,Southampton,1,1,0.671442,2.29684
09/07/2020,Aston Villa,Manchester United,0,3,0.598873,2.86531
09/07/2020,Bournemouth,Tottenham,0,0,0.960349,0.479274
11/07/2020,Norwich,West Ham,0,4,0.613251,3.81088
11/07/2020,Watford,Newcastle United,2,1,3.12855,1.49134
11/07/2020,Liverpool,Burnley,1,1,2.17649,0.452331
11/07/2020,Sheffield United,Chelsea,3,0,2.00632,1.17509
11/07/2020,Brighton,Manchester City,0,5,0.149588,5.51767
12/07/2020,Tottenham,Arsenal,2,1,1.81846,0.68991
12/07/2020,Wolverhampton Wanderers,Everton,3,0,2.86724,0.286561
12/07/2020,Aston Villa,Crystal Palace,2,0,1.6977,0.974181
12/07/2020,Bournemouth,Leicester,4,1,2.54311,1.66084
13/07/2020,Manchester United,Southampton,2,2,1.5033,1.8051
14/07/2020,Chelsea,Norwich,1,0,3.05119,0.0631109
15/07/2020,Newcastle United,Tottenham,1,3,1.05748,1.7498
15/07/2020,Arsenal,Liverpool,2,1,1.31516,2.2233
15/07/2020,Burnley,Wolverhampton Wanderers,1,1,1.53435,1.2857
15/07/2020,Manchester City,Bournemouth,2,1,0.82755,1.66635
16/07/2020,Crystal Palace,Manchester United,0,2,0.572141,1.90448
16/07/2020,Southampton,Brighton,1,1,2.33745,0.67264
16/07/2020,Everton,Aston Villa,1,1,0.944434,1.52021
16/07/2020,Leicester,Sheffield United,2,0,3.05752,0.660214
17/07/2020,West Ham,Watford,3,1,0.833995,1.03402
18/07/2020,Norwich,Burnley,0,2,0.576602,1.8233
19/07/2020,Bournemouth,Southampton,0,2,0.583117,2.24527
19/07/2020,Tottenham,Leicester,3,0,0.766922,1.20085
20/07/2020,Brighton,Newcastle United,0,0,0.855896,0.929091
20/07/2020,Sheffield United,Everton,0,1,0.468461,0.624814
20/07/2020,Wolverhampton Wanderers,Crystal Palace,2,0,1.48696,0.440119
21/07/2020,Watford,Manchester City,0,4,0.131868,3.73814
21/07/2020,Aston Villa,Arsenal,1,0,0.57408,0.737137
22/07/2020,Manchester United,West Ham,1,1,0.984161,1.29009
22/07/2020,Liverpool,Chelsea,5,3,1.45179,2.38205
26/07/2020,Everton,Bournemouth,1,3,1.74699,1.46461
26/07/2020,Chelsea,Wolverhampton Wanderers,2,0,1.15938,0.164561
26/07/2020,Crystal Palace,Tottenham,1,1,0.988534,0.310302
26/07/2020,Burnley,Brighton,1,2,1.44244,1.3696
26/07/2020,Leicester,Manchester United,0,2,0.754668,1.41019
26/07/2020,Newcastle United,Liverpool,1,3,0.339294,0.56818
26/07/2020,Southampton,Sheffield United,3,1,1.64306,1.41051
26/07/2020,Arsenal,Watford,3,2,1.95282,3.9197
26/07/2020,West Ham,Aston Villa,1,1,0.781465,0.983594
26/07/2020,Manchester City,Norwich,5,0,3.56749,0.786563
12/09/2020,Fulham,Arsenal,0,3,0.126327,2.16287
12/09/2020,Crystal Palace,Southampton,1,0,1.39569,1.26267
12/09/2020,Liverpool,Leeds,4,3,3.15412,0.269813
12/09/2020,West Ham,Newcastle United,0,2,0.861445,1.65911
13/09/2020,Tottenham,Everton,0,1,0.822944,1.26793
13/09/2020,West Bromwich Albion,Leicester,0,3,0.352997,2.95581
14/09/2020,Sheffield United,Wolverhampton Wanderers,0,2,0.949316,1.61307
14/09/2020,Brighton,Chelsea,1,3,1.44281,1.27062
19/09/2020,Everton,West Bromwich Albion,5,2,4.16254,0.315347
19/09/2020,Leeds,Fulham,4,3,1.45254,1.55503
19/09/2020,Manchester United,Crystal Palace,1,3,1.09737,1.91456
19/09/2020,Arsenal,West Ham,2,1,1.32902,2.06377
20/09/2020,Leicester,Burnley,4,2,0.987365,1.52404
20/09/2020,Chelsea,Liverpool,0,2,0.904183,2.25211
20/09/2020,Newcastle United,Brighton,0,3,0.520678,1.8766
20/09/2020,Southampton,Tottenham,2,5,2.27708,2.28004
21/09/2020,Aston Villa,Sheffield United,1,0,0.80527,0.849709
21/09/2020,Wolverhampton Wanderers,Manchester City,1,3,0.727677,2.07651
26/09/2020,Brighton,Manchester United,2,3,2.97659,1.57583
26/09/2020,Crystal Palace,Everton,1,2,0.443115,2.27189
26/09/2020,West Bromwich Albion,Chelsea,3,3,0.911185,2.36046
26/09/2020,Burnley,Southampton,0,1,0.347136,0.706632
27/09/2020,West Ham,Wolverhampton Wanderers,4,0,3.05703,0.385152
27/09/2020,Manchester City,Leicester,2,5,1.44633,2.86721
27/09/2020,Sheffield United,Leeds,0,1,1.53278,1.46641
27/09/2020,Tottenham,Newcastle United,1,1,3.18765,0.942726
28/09/2020,Fulham,Aston Villa,0,3,0.534675,2.03222
28/09/2020,Liverpool,Arsenal,3,1,2.73834,1.17817
03/10/2020,Chelsea,Crystal Palace,4,0,2.51433,0.103249
03/10/2020,Everton,Brighton,4,2,2.34034,1.16568
03/10/2020,Leeds,Manchester City,1,1,2.56662,1.41533
03/10/2020,Newcastle United,Burnley,3,1,1.95629,0.438849
04/10/2020,Manchester United,Tottenham,1,6,0.873435,3.3017
04/10/2020,Aston Villa,Liverpool,7,2,3.07626,1.65705
04/10/2020,Wolverhampton Wanderers,Fulham,1,0,0.89359,0.969393
04/10/2020,Leicester,West Ham,0,3,0.456022,2.03227
04/10/2020,Southampton,West Bromwich Albion,2,0,0.949079,0.161283
04/10/2020,Arsenal,Sheffield United,2,1,0.667131,0.144994
17/10/2020,Everton,Liverpool,2,2,1.35998,2.49492
17/10/2020,Chelsea,Southampton,3,3,1.98708,1.42348
17/10/2020,Manchester City,Arsenal,1,0,1.43023,0.838322
17/10/2020,Newcastle United,Manchester United,1,4,0.867496,2.21729
18/10/2020,Sheffield United,Fulham,1,1,1.66363,1.35611
18/10/2020,Crystal Palace,Brighton,1,1,0.761169,1.0935
18/10/2020,Tottenham,West Ham,3,3,1.77602,1.49992
18/10/2020,Leicester,Aston Villa,0,1,0.671595,0.873776
19/10/2020,West Bromwich Albion,Burnley,0,0,0.731692,1.08532
19/10/2020,Leeds,Wolverhampton Wanderers,0,1,1.08332,0.618191
23/10/2020,Aston Villa,Leeds,0,3,1.50125,2.37695
24/10/2020,Liverpool,Sheffield United,2,1,2.40286,1.39788
24/10/2020,Manchester United,Chelsea,0,0,0.648427,0.219906
24/10/2020,West Ham,Manchester City,1,1,0.263739,0.892456
24/10/2020,Fulham,Crystal Palace,1,2,1.05258,2.81049
25/10/2020,Southampton,Everton,2,0,0.74151,0.287054
25/10/2020,Wolverhampton Wanderers,Newcastle United,1,1,0.758626,0.253685
25/10/2020,Arsenal,Leicester,0,1,0.73944,0.736172
26/10/2020,Brighton,West Bromwich Albion,1,1,0.546807,0.295654
26/10/2020,Burnley,Tottenham,0,1,0.95045,0.797344
30/10/2020,Wolverhampton Wanderers,Crystal Palace,2,0,1.34895,0.802767
31/10/2020,Sheffield United,Manchester City,0,1,0.687544,1.89643
31/10/2020,Burnley,Chelsea,0,3,0.407341,1.23077
31/10/2020,Liverpool,West Ham,2,1,1.56302,0.269048
01/11/2020,Aston Villa,Southampton,3,4,2.44855,1.00333
01/11/2020,Newcastle United,Everton,2,1,2.6311,1.21805
01/11/2020,Manchester United,Arsenal,0,1,0.394113,0.998072
01/11/2020,Tottenham,Brighton,2,1,1.97236,0.324457
02/11/2020,Leeds,Leicester,1,4,1.74822,3.07657
02/11/2020,Fulham,West Bromwich Albion,2,0,1.62247,0.482685
06/11/2020,Brighton,Burnley,0,0,1.59022,0.326933
06/11/2020,Southampton,Newcastle United,2,0,0.985828,0.175633
07/11/2020,Everton,Manchester United,1,3,0.376464,1.59642
07/11/2020,Crystal Palace,Leeds,4,1,1.30169,0.847913
07/11/2020,Chelsea,Sheffield United,4,1,2.87622,0.743967
07/11/2020,West Ham,Fulham,1,0,1.42614,1.84922
08/11/2020,West Bromwich Albion,Tottenham,0,1,0.799352,1.87063
08/11/2020,Leicester,Wolverhampton Wanderers,1,0,2.0545,0.57936
08/11/2020,Manchester City,Liverpool,1,1,1.58487,1.18789
08/11/2020,Arsenal,Aston Villa,0,3,1.39037,1.98553
21/11/2020,Newcastle United,Chelsea,0,2,0.368286,1.81923
21/11/2020,Aston Villa,Brighton,1,2,1.76514,1.50038
21/11/2020,Tottenham,Manchester City,2,0,0.761142,1.66325
21/11/2020,Manchester United,West Bromwich Albion,1,0,2.42994,0.438646
22/11/2020,Liverpool,Leicester,3,0,3.77245,1.98397
22/11/2020,Leeds,Arsenal,0,0,1.9617,0.710778
22/11/2020,Fulham,Everton,2,3,1.87028,2.2508
22/11/2020,Sheffield United,West Ham,0,1,0.692374,2.1142
23/11/2020,Burnley,Crystal Palace,1,0,1.75343,1.28331
23/11/2020,Wolverhampton Wanderers,Southampton,1,1,1.57479,1.0785
27/11/2020,Crystal Palace,Newcastle United,0,2,0.534893,1.27929
28/11/2020,Brighton,Liverpool,1,1,2.30722,0.28109
28/11/2020,Manchester City,Burnley,5,0,2.26129,0.419877
28/11/2020,Everton,Leeds,0,1,1.29229,3.11324
28/11/2020,West Bromwich Albion,Sheffield United,1,0,1.71644,3.36544
29/11/2020,Southampton,Manchester United,2,3,0.498783,2.47547
29/11/2020,Chelsea,Tottenham,0,0,0.974755,0.22689
29/11/2020,Arsenal,Wolverhampton Wanderers,1,2,1.1185,2.0069
30/11/2020,Leicester,Fulham,1,2,1.27814,2.03719
30/11/2020,West Ham,Aston Villa,2,1,0.571633,2.39051
05/12/2020,West Ham,Manchester United,1,3,2.53006,1.78708
05/12/2020,Chelsea,Leeds,3,1,4.89472,1.0277
05/12/2020,Burnley,Everton,1,1,0.730434,2.28139
05/12/2020,Manchester City,Fulham,2,0,3.26328,0.287444
06/12/2020,West Bromwich Albion,Crystal Palace,1,5,0.567234,1.68656
06/12/2020,Sheffield United,Leicester,1,2,0.290743,1.3904
06/12/2020,Tottenham,Arsenal,2,0,0.390629,0.595216
06/12/2020,Liverpool,Wolverhampton Wanderers,4,0,1.59454,0.357753
07/12/2020,Brighton,Southampton,1,2,2.03376,1.34801
11/12/2020,Leeds,West Ham,1,2,1.56644,1.7851
12/12/2020,Everton,Chelsea,1,0,1.2216,1.00627
12/12/2020,Manchester United,Manchester City,0,0,0.591617,1.28434
12/12/2020,Wolverhampton Wanderers,Aston Villa,0,1,1.1356,1.26872
12/12/2020,Newcastle United,West Bromwich Albion,2,1,0.904163,0.57319
13/12/2020,Southampton,Sheffield United,3,0,2.27973,0.219115
13/12/2020,Crystal Palace,Tottenham,1,1,1.84443,1.40792
13/12/2020,Fulham,Liverpool,1,1,1.72509,1.82445
13/12/2020,Leicester,Brighton,3,0,1.64351,0.791673
13/12/2020,Arsenal,Burnley,0,1,1.85362,0.815375
15/12/2020,Manchester City,West Bromwich Albion,1,1,2.58593,0.210243
15/12/2020,Wolverhampton Wanderers,Chelsea,2,1,0.683783,1.56772
16/12/2020,Arsenal,Southampton,1,1,0.661135,1.11296
16/12/2020,Leeds,Newcastle United,5,2,2.95137,1.44437
16/12/2020,Leicester,Everton,0,2,0.83883,1.51486
16/12/2020,Fulham,Brighton,0,0,1.00448,0.462456
16/12/2020,West Ham,Crystal Palace,1,1,0.449469,1.09108
16/12/2020,Liverpool,Tottenham,2,1,1.21783,1.5161
17/12/2020,Aston Villa,Burnley,0,0,1.81142,0.316737
17/12/2020,Sheffield United,Manchester United,2,3,1.23525,1.78667
19/12/2020,Crystal Palace,Liverpool,0,7,0.489318,2.86902
19/12/2020,Southampton,Manchester City,0,1,0.586972,1.15599
19/12/2020,Everton,Arsenal,2,1,0.661744,1.25206
19/12/2020,Newcastle United,Fulham,1,1,1.26725,1.10645
20/12/2020,West Bromwich Albion,Aston Villa,0,3,0.0388442,2.61964
20/12/2020,Manchester United,Leeds,6,2,4.77743,1.63467
20/12/2020,Brighton,Sheffield United,1,1,2.90097,1.03713
20/12/2020,Tottenham,Leicester,0,2,0.945932,1.74772
21/12/2020,Burnley,Wolverhampton Wanderers,2,1,1.20465,1.45722
21/12/2020,Chelsea,West Ham,3,0,2.41157,0.277737
26/12/2020,Leicester,Manchester United,2,2,1.0396,2.08423
26/12/2020,Aston Villa,Crystal Palace,3,0,4.58214,0.849086
26/12/2020,Fulham,Southampton,0,0,0.781855,0.119709
26/12/2020,Arsenal,Chelsea,3,1,1.94485,2.25414
26/12/2020,Manchester City,Newcastle United,2,0,3.19575,0.200953
26/12/2020,Sheffield United,Everton,0,1,1.25106,0.568803
27/12/2020,Leeds,Burnley,1,0,2.13271,1.54591
27/12/2020,West Ham,Brighton,2,2,1.38877,1.50551
27/12/2020,Liverpool,West Bromwich Albion,1,1,1.45485,0.739845
27/12/2020,Wolverhampton Wanderers,Tottenham,1,1,0.742598,0.408109
28/12/2020,Crystal Palace,Leicester,1,1,0.321348,1.72132
28/12/2020,Chelsea,Aston Villa,1,1,1.53701,0.730859
29/12/2020,Manchester United,Wolverhampton Wanderers,1,0,1.48207,0.411046
29/12/2020,Southampton,West Ham,0,0,0.670996,1.07246
29/12/2020,West Bromwich Albion,Leeds,0,5,0.43551,1.54225
29/12/2020,Brighton,Arsenal,0,1,0.799368,1.31394
29/12/2020,Burnley,Sheffield United,1,0,0.973831,0.492578
30/12/2020,Newcastle United,Liverpool,0,0,0.817935,1.32047
01/01/2021,Everton,West Ham,0,1,0.371045,1.19713
01/01/2021,Manchester United,Aston Villa,2,1,2.46473,1.56434
02/01/2021,West Bromwich Albion,Arsenal,0,4,0.869874,4.03429
02/01/2021,Tottenham,Leeds,3,0,2.5286,1.15626
02/01/2021,Crystal Palace,Sheffield United,2,0,0.598888,0.323158
02/01/2021,Brighton,Wolverhampton Wanderers,3,3,2.4228,1.81856
03/01/2021,Newcastle United,Leicester,1,2,0.264584,0.702081
03/01/2021,Chelsea,Manchester City,1,3,0.691013,3.18063
04/01/2021,Southampton,Liverpool,1,0,0.500436,1.37204
12/01/2021,Sheffield United,Newcastle United,1,0,2.01315,1.04745
12/01/2021,Wolverhampton Wanderers,Everton,1,2,0.852495,0.323445
12/01/2021,Burnley,Manchester United,0,1,0.648582,1.23996
13/01/2021,Manchester City,Brighton,1,0,2.90855,0.177084
13/01/2021,Tottenham,Fulham,1,1,3.14372,1.05329
14/01/2021,Arsenal,Crystal Palace,0,0,0.368554,0.709634
16/01/2021,Wolverhampton Wanderers,West Bromwich Albion,2,3,1.94358,2.46332
16/01/2021,Leeds,Brighton,0,1,0.245193,1.14424
16/01/2021,West Ham,Burnley,1,0,1.73397,0.395668
16/01/2021,Fulham,Chelsea,0,1,0.46126,1.37939
16/01/2021,Leicester,Southampton,2,0,2.12019,0.378147
17/01/2021,Sheffield United,Tottenham,1,3,0.978133,1.28385
17/01/2021,Liverpool,Manchester United,0,0,1.20205,1.18929
17/01/2021,Manchester City,Crystal Palace,4,0,0.961088,0.0515836
18/01/2021,Arsenal,Newcastle United,3,0,2.30744,0.168796
19/01/2021,West Ham,West Bromwich Albion,2,1,2.17512,0.464091
19/01/2021,Leicester,Chelsea,2,0,1.1449,0.615727
20/01/2021,Manchester City,Aston Villa,2,0,3.34385,0.601768
20/01/2021,Fulham,Manchester United,1,2,0.753669,1.68401
21/01/2021,Liverpool,Burnley,0,1,1.64907,1.08059
23/01/2021,Aston Villa,Newcastle United,2,0,2.6026,0.400364
26/01/2021,Southampton,Arsenal,1,3,0.99504,2.4339
26/01/2021,West Bromwich Albion,Manchester City,0,5,0.568258,2.24838
26/01/2021,Newcastle United,Leeds,1,2,1.1364,0.785914
26/01/2021,Crystal Palace,West Ham,2,3,0.629033,3.30321
27/01/2021,Burnley,Aston Villa,3,2,0.717681,2.70718
27/01/2021,Chelsea,Wolverhampton Wanderers,0,0,0.663324,0.63192
27/01/2021,Brighton,Fulham,0,0,2.29129,0.513226
27/01/2021,Everton,Leicester,1,1,0.474981,0.792045
27/01/2021,Manchester United,Sheffield United,1,2,0.9931,0.689548
28/01/2021,Tottenham,Liverpool,1,3,0.104586,2.58798
30/01/2021,Southampton,Aston Villa,0,1,2.22557,0.795508
30/01/2021,Everton,Newcastle United,0,2,0.966012,2.08832
30/01/2021,Crystal Palace,Wolverhampton Wanderers,1,0,1.36877,0.450907
30/01/2021,West Bromwich Albion,Fulham,2,2,0.994664,1.52044
30/01/2021,Manchester City,Sheffield United,1,0,1.53116,0.154537
30/01/2021,Arsenal,Manchester United,0,0,0.747166,1.51332
31/01/2021,Brighton,Tottenham,1,0,1.77386,0.372524
31/01/2021,West Ham,Liverpool,1,3,0.883061,2.05809
31/01/2021,Chelsea,Burnley,2,0,1.4405,0.390714
31/01/2021,Leicester,Leeds,1,3,1.73432,1.8141
02/02/2021,Sheffield United,West Bromwich Albion,2,1,1.35804,1.61871
02/02/2021,Wolverhampton Wanderers,Arsenal,2,1,1.56162,0.716265
02/02/2021,Manchester United,Southampton,9,0,5.0325,0.507893
02/02/2021,Newcastle United,Crystal Palace,1,2,1.90755,0.809312
03/02/2021,Aston Villa,West Ham,1,3,0.741154,1.79064
03/02/2021,Burnley,Manchester City,0,2,0.0489155,2.12153
03/02/2021,Fulham,Leicester,0,2,0.731288,1.71299
03/02/2021,Leeds,Everton,1,2,1.14303,1.91539
03/02/2021,Liverpool,Brighton,0,1,1.09518,1.18977
04/02/2021,Tottenham,Chelsea,0,1,0.569446,2.393
06/02/2021,Newcastle United,Southampton,3,2,0.910553,1.43445
06/02/2021,Fulham,West Ham,0,0,1.60884,0.943539
06/02/2021,Aston Villa,Arsenal,1,0,1.19792,0.679649
06/02/2021,Burnley,Brighton,1,1,1.88934,0.612682
06/02/2021,Manchester United,Everton,3,3,1.71769,1.5571
07/02/2021,Sheffield United,Chelsea,1,2,0.623045,1.64144
07/02/2021,Liverpool,Manchester City,1,4,1.17728,3.55196
07/02/2021,Tottenham,West Bromwich Albion,2,0,1.92997,0.698686
07/02/2021,Wolverhampton Wanderers,Leicester,0,0,1.35506,0.632232
08/02/2021,Leeds,Crystal Palace,2,0,2.64769,0.370278
13/02/2021,Leicester,Liverpool,3,1,2.07383,1.68325
13/02/2021,Crystal Palace,Burnley,0,3,0.645616,1.95502
13/02/2021,Manchester City,Tottenham,3,0,2.46219,0.4235
13/02/2021,Brighton,Aston Villa,0,0,2.33232,0.144036
14/02/2021,Everton,Fulham,0,2,0.314075,2.55085
14/02/2021,Arsenal,Leeds,4,2,2.50614,0.77074
14/02/2021,Southampton,Wolverhampton Wanderers,1,2,0.8536,1.09361
14/02/2021,West Bromwich Albion,Manchester United,1,1,0.945964,0.423885
15/02/2021,West Ham,Sheffield United,3,0,2.32735,0.926652
15/02/2021,Chelsea,Newcastle United,2,0,2.5428,0.432603
17/02/2021,Burnley,Fulham,1,1,1.20642,0.594471
17/02/2021,Everton,Manchester City,1,3,1.04664,1.23218
19/02/2021,Wolverhampton Wanderers,Leeds,1,0,0.592049,2.4793
20/02/2021,Fulham,Sheffield United,1,0,1.21006,0.977747
20/02/2021,Liverpool,Everton,0,2,1.54046,2.01468
20/02/2021,Burnley,West Bromwich Albion,0,0,0.535153,1.71922
20/02/2021,Southampton,Chelsea,1,1,0.496603,1.44849
21/02/2021,West Ham,Tottenham,2,1,1.09246,0.770706
21/02/2021,Aston Villa,Leicester,1,2,1.7084,1.23852
21/02/2021,Arsenal,Manchester City,0,1,0.331188,2.08868
21/02/2021,Manchester United,Newcastle United,3,1,1.7256,0.341778
22/02/2021,Brighton,Crystal Palace,1,2,2.59204,0.179886
23/02/2021,Leeds,Southampton,3,0,1.84753,1.47981
27/02/2021,Manchester City,West Ham,2,1,0.760574,1.92892
27/02/2021,West Bromwich Albion,Brighton,1,0,0.687091,3.12111
27/02/2021,Leeds,Aston Villa,0,1,1.00106,0.876255
27/02/2021,Newcastle United,Wolverhampton Wanderers,1,1,1.9519,1.27827
28/02/2021,Crystal Palace,Fulham,0,0,0.0880148,0.813134
28/02/2021,Leicester,Arsenal,1,3,0.533575,2.1065
28/02/2021,Tottenham,Burnley,4,0,2.35788,0.603212
28/02/2021,Chelsea,Manchester United,0,0,1.17294,0.35954
28/02/2021,Sheffield United,Liverpool,0,2,0.777149,2.80551
01/03/2021,Everton,Southampton,1,0,1.42054,0.665743
02/03/2021,Manchester City,Wolverhampton Wanderers,4,1,3.26196,0.318824
03/03/2021,Burnley,Leicester,1,1,1.26793,1.24109
03/03/2021,Sheffield United,Aston Villa,1,0,0.716254,1.44176
03/03/2021,Crystal Palace,Manchester United,0,0,0.742397,0.584016
04/03/2021,West Bromwich Albion,Everton,0,1,1.02038,1.40789
04/03/2021,Fulham,Tottenham,0,1,1.1715,1.5519
04/03/2021,Liverpool,Chelsea,0,1,0.247034,1.22635
06/03/2021,Burnley,Arsenal,1,1,1.10374,2.53692
06/03/2021,Sheffield United,Southampton,0,2,0.908155,2.37386
06/03/2021,Aston Villa,Wolverhampton Wanderers,0,0,0.956392,2.15087
06/03/2021,Brighton,Leicester,1,2,0.75471,1.03801
07/03/2021,West Bromwich Albion,Newcastle United,0,0,1.46503,0.454577
07/03/2021,Liverpool,Fulham,0,1,0.701764,1.37047
07/03/2021,Manchester City,Manchester United,0,2,1.27561,2.11411
07/03/2021,Tottenham,Crystal Palace,4,1,2.24159,0.559383
08/03/2021,West Ham,Leeds,2,0,2.37556,1.34971
08/03/2021,Chelsea,Everton,2,0,2.57224,0.270757
10/03/2021,Manchester City,Southampton,5,2,3.10503,1.60561
12/03/2021,Newcastle United,Aston Villa,1,1,0.873171,0.748665
13/03/2021,Leeds,Chelsea,0,0,0.382957,0.971054
13/03/2021,Crystal Palace,West Bromwich Albion,1,0,1.30694,0.513439
13/03/2021,Everton,Burnley,1,2,1.69849,0.74852
13/03/2021,Fulham,Manchester City,0,3,0.449499,2.72578
14/03/2021,Leicester,Sheffield United,5,0,4.54571,0.0934777
14/03/2021,Southampton,Brighton,1,2,1.03495,0.895967
14/03/2021,Arsenal,Tottenham,2,1,1.56529,0.705566
14/03/2021,Manchester United,West Ham,1,0,1.70128,0.463737
15/03/2021,Wolverhampton Wanderers,Liverpool,0,1,1.29175,1.0552
19/03/2021,Fulham,Leeds,1,2,1.47498,1.40706
20/03/2021,Brighton,Newcastle United,3,0,0.951921,0.100945
21/03/2021,West Ham,Arsenal,3,3,2.50629,1.35217
21/03/2021,Aston Villa,Tottenham,0,2,0.439681,1.72011
03/04/2021,Arsenal,Liverpool,0,3,0.161161,2.43732
03/04/2021,Leicester,Manchester City,0,2,0.284781,1.98438
03/04/2021,Chelsea,West Bromwich Albion,2,5,2.55917,1.38315
03/04/2021,Leeds,Sheffield United,2,1,2.50597,0.867652
04/04/2021,Southampton,Burnley,3,2,2.40272,1.50285
04/04/2021,Newcastle United,Tottenham,2,2,3.30098,2.43683
04/04/2021,Aston Villa,Fulham,3,1,1.52229,1.52172
04/04/2021,Manchester United,Brighton,2,1,1.73474,1.41071
05/04/2021,Everton,Crystal Palace,1,1,2.53386,0.603749
05/04/2021,Wolverhampton Wanderers,West Ham,2,3,1.95649,1.59694
09/04/2021,Fulham,Wolverhampton Wanderers,0,1,0.733154,0.428134
10/04/2021,Manchester City,Leeds,1,2,1.98825,0.17525
10/04/2021,Liverpool,Aston Villa,2,1,2.14592,0.760621
10/04/2021,Crystal Palace,Chelsea,1,4,0.602167,3.85472
11/04/2021,Burnley,Newcastle United,1,2,1.84262,1.34279
11/04/2021,West Ham,Leicester,3,2,1.02408,1.17188
11/04/2021,Tottenham,Manchester United,1,3,0.921801,2.09737
11/04/2021,Sheffield United,Arsenal,0,3,0.315121,1.93838
12/04/2021,Brighton,Everton,0,0,1.16465,0.306287
12/04/2021,West Bromwich Albion,Southampton,3,0,2.77089,1.5002
16/04/2021,Everton,Tottenham,2,2,2.26022,1.4815
17/04/2021,Newcastle United,West Ham,3,2,2.4314,2.06741
17/04/2021,Wolverhampton Wanderers,Sheffield United,1,0,1.22604,0.295925
18/04/2021,Arsenal,Fulham,1,1,2.85573,0.839128
18/04/2021,Manchester United,Burnley,3,1,2.87455,0.959804
19/04/2021,Leeds,Liverpool,1,1,2.59719,1.60043
20/04/2021,Chelsea,Brighton,0,0,0.807348,0.459568
21/04/2021,Tottenham,Southampton,2,1,1.28824,1.06134
21/04/2021,Aston Villa,Manchester City,1,2,0.801733,1.5634
22/04/2021,Leicester,West Bromwich Albion,3,0,2.6712,0.277126
23/04/2021,Arsenal,Everton,0,1,0.735767,0.529676
24/04/2021,Liverpool,Newcastle United,1,1,2.84708,0.860694
24/04/2021,West Ham,Chelsea,0,1,0.267123,2.52059
24/04/2021,Sheffield United,Brighton,1,0,0.786324,2.06038
25/04/2021,Aston Villa,West Bromwich Albion,2,2,2.65394,1.56764
25/04/2021,Leeds,Manchester United,0,0,0.216834,1.11635
25/04/2021,Wolverhampton Wanderers,Burnley,0,4,0.351673,2.24049
26/04/2021,Leicester,Crystal Palace,2,1,1.23419,0.723112
30/04/2021,Southampton,Leicester,1,1,0.954057,2.51518
01/05/2021,Crystal Palace,Manchester City,0,2,0.361866,2.04443
01/05/2021,Brighton,Leeds,2,0,2.52542,0.510874
01/05/2021,Chelsea,Fulham,2,0,1.8433,0.290042
01/05/2021,Everton,Aston Villa,1,2,1.223,1.58811
02/05/2021,Newcastle United,Arsenal,0,2,0.172988,1.78751
02/05/2021,Tottenham,Sheffield United,4,0,2.26016,0.469026
03/05/2021,West Bromwich Albion,Wolverhampton Wanderers,1,1,1.07133,0.844138
03/05/2021,Burnley,West Ham,1,2,1.68312,2.42477
07/05/2021,Leicester,Newcastle United,2,4,2.315,2.87261
08/05/2021,Manchester City,Chelsea,1,2,1.79168,0.619724
08/05/2021,Liverpool,Southampton,2,0,2.26367,1.2289
08/05/2021,Leeds,Tottenham,3,1,2.55216,1.03384
08/05/2021,Sheffield United,Crystal Palace,0,2,0.639325,2.25382
09/05/2021,Wolverhampton Wanderers,Brighton,2,1,1.1199,0.27571
09/05/2021,Aston Villa,Manchester United,1,3,0.565472,1.88793
09/05/2021,West Ham,Everton,0,1,1.09704,1.56222
09/05/2021,Arsenal,West Bromwich Albion,3,1,1.07042,1.83076
10/05/2021,Fulham,Burnley,0,2,0.778074,1.65831
11/05/2021,Manchester United,Leicester,1,2,0.212874,0.991522
11/05/2021,Southampton,Crystal Palace,3,1,1.58872,1.32586
12/05/2021,Chelsea,Arsenal,0,1,1.56786,0.692043
13/05/2021,Manchester United,Liverpool,2,4,1.71328,2.938
13/05/2021,Aston Villa,Everton,0,0,0.558976,0.975408
14/05/2021,Newcastle United,Manchester City,3,4,2.18312,1.477
15/05/2021,Southampton,Fulham,3,1,2.29146,0.875957
15/05/2021,Burnley,Leeds,0,4,1.41338,1.85654
15/05/2021,Brighton,West Ham,1,1,0.922587,1.92378
16/05/2021,Everton,Sheffield United,0,1,1.24609,1.391
16/05/2021,West Bromwich Albion,Liverpool,1,2,1.14202,2.07854
16/05/2021,Tottenham,Wolverhampton Wanderers,2,0,3.13947,1.09206
16/05/2021,Crystal Palace,Aston Villa,3,2,1.95285,1.2303
18/05/2021,Chelsea,Leicester,2,1,2.86149,0.832596
18/05/2021,Brighton,Manchester City,3,2,1.22824,1.07139
18/05/2021,Manchester United,Fulham,1,1,0.92243,0.872643
18/05/2021,Southampton,Leeds,0,2,1.3084,1.58132
19/05/2021,Everton,Wolverhampton Wanderers,1,0,0.670997,0.265526
19/05/2021,Newcastle United,Sheffield United,1,0,1.82508,0.882242
19/05/2021,Tottenham,Aston Villa,1,2,0.89279,1.63669
19/05/2021,Crystal Palace,Arsenal,1,3,0.998377,1.7945
19/05/2021,Burnley,Liverpool,0,3,0.837048,2.73316
19/05/2021,West Bromwich Albion,West Ham,1,3,1.10741,3.56991
23/05/2021,Wolverhampton Wanderers,Manchester United,1,2,0.701256,2.05229
23/05/2021,West Ham,Southampton,3,0,1.98344,1.35179
23/05/2021,Manchester City,Everton,5,0,2.88355,1.07258
23/05/2021,Liverpool,Crystal Palace,2,0,2.20348,0.772317
23/05/2021,Sheffield United,Burnley,1,0,0.420006,0.558508
23/05/2021,Leeds,West Bromwich Albion,3,1,2.49009,1.02209
23/05/2021,Fulham,Newcastle United,0,2,0.98902,1.60157
23/05/2021,Aston Villa,Chelsea,2,1,0.980413,3.43414
23/05/2021,Arsenal,Brighton,2,0,0.772904,0.193968
23/05/2021,Leicester,Tottenham,2,4,1.82554,1.85229
13/08/2021,Brentford,Arsenal,2,0,1.88818,1.02385
14/08/2021,Norwich,Liverpool,0,3,1.3333,1.78728
14/08/2021,Watford,Aston Villa,3,2,1.35036,1.13718
14/08/2021,Leicester,Wolverhampton Wanderers,1,0,0.668082,1.32714
14/08/2021,Chelsea,Crystal Palace,3,0,1.18709,0.321701
14/08/2021,Burnley,Brighton,1,2,1.79548,1.6853
14/08/2021,Manchester United,Leeds,5,1,1.64248,0.568342
14/08/2021,Everton,Southampton,3,1,2.38863,0.580601
15/08/2021,Newcastle United,West Ham,2,4,1.67926,3.00939
15/08/2021,Tottenham,Manchester City,1,0,1.06014,2.10585
21/08/2021,Leeds,Everton,2,2,0.966093,1.85713
21/08/2021,Crystal Palace,Brentford,0,0,0.606313,0.712439
21/08/2021,Brighton,Watford,2,0,1.77896,0.407224
21/08/2021,Manchester City,Norwich,5,0,2.43928,0.0250088
21/08/2021,Liverpool,Burnley,2,0,2.63945,0.690464
21/08/2021,Aston Villa,Newcastle United,2,0,1.18426,0.63163
22/08/2021,Southampton,Manchester United,1,1,0.587526,2.26173
22/08/2021,Wolverhampton Wanderers,Tottenham,0,1,1.51127,1.72636
22/08/2021,Arsenal,Chelsea,0,2,0.630099,3.64132
23/08/2021,West Ham,Leicester,4,1,2.28613,0.62676
28/08/2021,Liverpool,Chelsea,1,1,2.08462,0.573638
28/08/2021,West Ham,Crystal Palace,2,2,1.44748,1.67658
28/08/2021,Brighton,Everton,0,2,0.701622,1.54868
28/08/2021,Aston Villa,Brentford,1,1,0.431464,1.13312
28/08/2021,Norwich,Leicester,1,2,1.44084,1.27371
28/08/2021,Newcastle United,Southampton,2,2,1.19077,3.46036
28/08/2021,Manchester City,Arsenal,5,0,4.47273,0.116805
29/08/2021,Burnley,Leeds,1,1,1.71102,1.52078
29/08/2021,Tottenham,Watford,1,0,0.920963,0.596016
29/08/2021,Wolverhampton Wanderers,Manchester United,0,1,1.79575,0.944083
11/09/2021,Chelsea,Aston Villa,3,0,1.22153,1.17349
11/09/2021,Watford,Wolverhampton Wanderers,0,2,0.185407,2.55922
11/09/2021,Southampton,West Ham,0,0,0.692135,0.725407
11/09/2021,Manchester United,Newcastle United,4,1,2.77326,0.622042
11/09/2021,Crystal Palace,Tottenham,3,0,2.89372,0.0775646
11/09/2021,Brentford,Brighton,0,1,0.729786,0.287902
11/09/2021,Arsenal,Norwich,1,0,2.68515,0.577292
11/09/2021,Leicester,Manchester City,0,1,0.8001,2.75058
12/09/2021,Leeds,Liverpool,0,3,0.652514,4.4016
13/09/2021,Everton,Burnley,3,1,1.80386,1.82061
17/09/2021,Newcastle United,Leeds,1,1,1.17668,1.42995
18/09/2021,Wolverhampton Wanderers,Brentford,0,2,1.02316,2.32741
18/09/2021,Norwich,Watford,1,3,0.782665,2.42487
18/09/2021,Burnley,Arsenal,0,1,0.775574,1.09928
18/09/2021,Liverpool,Crystal Palace,3,0,2.76793,0.644168
18/09/2021,Manchester City,Southampton,0,0,1.22451,0.490923
18/09/2021,Aston Villa,Everton,3,0,0.777716,0.755035
19/09/2021,Tottenham,Chelsea,0,3,0.70567,2.5869
19/09/2021,Brighton,Leicester,2,1,1.47438,1.25373
19/09/2021,West Ham,Manchester United,1,2,1.6671,1.8954
25/09/2021,Chelsea,Manchester City,0,1,0.194202,1.69244
25/09/2021,Manchester United,Aston Villa,0,1,1.9251,1.57249
25/09/2021,Watford,Newcastle United,1,1,0.904061,2.52338
25/09/2021,Everton,Norwich,2,0,2.26681,0.800903
25/09/2021,Leeds,West Ham,1,2,1.1967,1.98962
25/09/2021,Leicester,Burnley,2,2,2.16233,0.428866
25/09/2021,Brentford,Liverpool,3,3,2.94058,2.25736
26/09/2021,Southampton,Wolverhampton Wanderers,0,1,0.909342,0.909833
26/09/2021,Arsenal,Tottenham,3,1,1.44499,0.980166
27/09/2021,Crystal Palace,Brighton,1,1,1.36836,0.649566
02/10/2021,Leeds,Watford,1,0,1.57388,0.192794
02/10/2021,Brighton,Arsenal,0,0,1.11551,0.36431
02/10/2021,Wolverhampton Wanderers,Newcastle United,2,1,1.15849,0.865217
02/10/2021,Chelsea,Southampton,3,1,3.79243,1.52634
02/10/2021,Burnley,Norwich,0,0,0.584725,0.673617
02/10/2021,Manchester United,Everton,1,1,1.0496,1.32211
03/10/2021,Crystal Palace,Leicester,2,2,1.1703,1.04322
03/10/2021,Tottenham,Aston Villa,2,1,1.78187,1.07395
03/10/2021,West Ham,Brentford,1,2,1.37258,1.30098
03/10/2021,Liverpool,Manchester City,2,2,0.949368,1.04319
16/10/2021,Watford,Liverpool,0,5,0.302302,3.65553
16/10/2021,Aston Villa,Wolverhampton Wanderers,2,3,1.21276,2.19633
16/10/2021,Leicester,Manchester United,4,2,2.96611,1.02494
16/10/2021,Manchester City,Burnley,2,0,2.15712,1.07719
16/10/2021,Norwich,Brighton,0,0,1.16088,1.17572
16/10/2021,Southampton,Leeds,1,0,1.83082,0.446173
16/10/2021,Brentford,Chelsea,0,1,1.62169,0.248256
17/10/2021,Everton,West Ham,0,1,0.854165,2.03034
17/10/2021,Newcastle United,Tottenham,2,3,0.645658,1.55008
18/10/2021,Arsenal,Crystal Palace,2,2,1.7436,0.492239
22/10/2021,Arsenal,Aston Villa,3,1,3.4984,1.41088
23/10/2021,Chelsea,Norwich,7,0,3.10509,0.267429
23/10/2021,Crystal Palace,Newcastle United,1,1,2.25588,0.721813
23/10/2021,Everton,Watford,2,5,1.84089,3.10344
23/10/2021,Leeds,Wolverhampton Wanderers,1,1,1.71313,0.858644
23/10/2021,Southampton,Burnley,2,2,1.42567,0.673195
23/10/2021,Brighton,Manchester City,1,4,1.1695,3.57376
24/10/2021,Brentford,Leicester,1,2,1.16789,1.00254
24/10/2021,West Ham,Tottenham,1,0,1.73468,0.672198
24/10/2021,Manchester United,Liverpool,0,5,1.35584,4.04765
30/10/2021,Tottenham,Manchester United,0,3,1.15787,1.38612
30/10/2021,Watford,Southampton,0,1,0.852556,1.90757
30/10/2021,Newcastle United,Chelsea,0,3,0.157616,2.16608
30/10/2021,Manchester City,Crystal Palace,0,2,0.65739,1.05029
30/10/2021,Liverpool,Brighton,2,2,1.39778,1.51032
30/10/2021,Burnley,Brentford,3,1,2.72901,0.834312
30/10/2021,Leicester,Arsenal,0,2,1.98801,1.10288
31/10/2021,Norwich,Leeds,1,2,0.661887,1.16855
31/10/2021,Aston Villa,West Ham,1,4,0.687551,2.66391
01/11/2021,Wolverhampton Wanderers,Everton,2,1,1.69344,1.69767
05/11/2021,Southampton,Aston Villa,1,0,0.89818,0.536077
06/11/2021,Manchester United,Manchester City,0,2,0.759561,2.04202
06/11/2021,Brentford,Norwich,1,2,2.79229,1.15797
06/11/2021,Chelsea,Burnley,1,1,3.00585,0.674072
06/11/2021,Crystal Palace,Wolverhampton Wanderers,2,0,2.65161,0.25416
06/11/2021,Brighton,Newcastle United,1,1,1.43123,0.227321
07/11/2021,Everton,Tottenham,0,0,0.597906,0.801798
07/11/2021,Leeds,Leicester,1,1,1.96551,0.795292
07/11/2021,Arsenal,Watford,1,0,1.49208,0.491659
07/11/2021,West Ham,Liverpool,3,2,1.25298,1.45641
20/11/2021,Watford,Manchester United,4,1,2.73393,1.66794
20/11/2021,Wolverhampton Wanderers,West Ham,1,0,1.31903,0.436331
20/11/2021,Norwich,Southampton,2,1,0.43778,1.13118
20/11/2021,Liverpool,Arsenal,4,0,3.97374,0.268025
20/11/2021,Burnley,Crystal Palace,3,3,1.04224,1.74839
20/11/2021,Aston Villa,Brighton,2,0,1.06946,0.582787
20/11/2021,Leicester,Chelsea,0,3,0.499504,2.57178
20/11/2021,Newcastle United,Brentford,3,3,2.18388,1.23275
21/11/2021,Tottenham,Leeds,2,1,2.31744,1.46689
21/11/2021,Manchester City,Everton,3,0,2.61302,0.266894
27/11/2021,Arsenal,Newcastle United,2,0,2.84493,0.185383
27/11/2021,Crystal Palace,Aston Villa,1,2,0.962129,0.454305
27/11/2021,Liverpool,Southampton,4,0,3.07278,0.966132
27/11/2021,Norwich,Wolverhampton Wanderers,0,0,1.4047,0.297157
27/11/2021,Brighton,Leeds,0,0,1.90498,0.864829
28/11/2021,Brentford,Everton,1,0,1.19813,0.968075
28/11/2021,Leicester,Watford,4,2,2.16027,2.38383
28/11/2021,Manchester City,West Ham,2,1,2.72187,0.171763
28/11/2021,Chelsea,Manchester United,1,1,2.34525,0.563367
30/11/2021,Newcastle United,Norwich,1,1,1.15636,1.51084
30/11/2021,Leeds,Crystal Palace,1,0,1.9818,0.707328
01/12/2021,Everton,Liverpool,1,4,0.512263,2.86067
01/12/2021,Southampton,Leicester,2,2,1.91169,1.4401
01/12/2021,Aston Villa,Manchester City,1,2,0.772083,1.01897
01/12/2021,West Ham,Brighton,1,1,1.14679,1.2607
01/12/2021,Watford,Chelsea,1,2,0.990877,0.908574
01/12/2021,Wolverhampton Wanderers,Burnley,0,0,0.711691,0.195537
02/12/2021,Tottenham,Brentford,2,0,2.07248,0.225492
02/12/2021,Manchester United,Arsenal,3,2,1.85597,1.16638
04/12/2021,Watford,Manchester City,1,3,0.675105,4.03223
04/12/2021,Southampton,Brighton,1,1,1.34236,1.4872
04/12/2021,Wolverhampton Wanderers,Liverpool,0,1,0.095167,2.42332
04/12/2021,West Ham,Chelsea,3,2,2.0174,1.37049
04/12/2021,Newcastle United,Burnley,1,0,1.70609,0.604599
05/12/2021,Leeds,Brentford,2,2,1.41896,1.19959
05/12/2021,Manchester United,Crystal Palace,1,0,0.870376,0.520593
05/12/2021,Tottenham,Norwich,3,0,2.00668,1.06562
05/12/2021,Aston Villa,Leicester,2,1,1.84818,0.982614
06/12/2021,Everton,Arsenal,2,1,1.06108,1.05723
10/12/2021,Brentford,Watford,2,1,1.82799,0.561554
11/12/2021,Norwich,Manchester United,0,1,0.986107,2.09817
11/12/2021,Chelsea,Leeds,3,2,2.74844,1.72934
11/12/2021,Liverpool,Aston Villa,1,0,2.71181,0.140573
11/12/2021,Manchester City,Wolverhampton Wanderers,1,0,2.99915,0.0762839
11/12/2021,Arsenal,Southampton,3,0,2.08429,0.502215
12/12/2021,Burnley,West Ham,0,0,0.54801,0.998813
12/12/2021,Leicester,Newcastle United,4,0,2.05771,0.511934
12/12/2021,Crystal Palace,Everton,3,1,2.09864,1.27556
14/12/2021,Norwich,Aston Villa,0,2,0.502647,1.96261
14/12/2021,Manchester City,Leeds,7,0,3.31349,0.227498
15/12/2021,Arsenal,West Ham,2,0,2.81482,0.338855
15/12/2021,Brighton,Wolverhampton Wanderers,0,1,1.20118,1.11736
15/12/2021,Crystal Palace,Southampton,2,2,1.49244,0.625183
16/12/2021,Chelsea,Everton,1,1,3.20239,0.627528
16/12/2021,Liverpool,Newcastle United,3,1,2.93912,0.2064
18/12/2021,Leeds,Arsenal,1,4,1.31408,3.69008
19/12/2021,Newcastle United,Manchester City,0,4,0.174208,3.64686
19/12/2021,Tottenham,Liverpool,2,2,2.79777,1.54944
19/12/2021,Wolverhampton Wanderers,Chelsea,0,0,0.321371,0.793952
26/12/2021,Brighton,Brentford,2,0,0.943363,1.10342
26/12/2021,Aston Villa,Chelsea,1,3,0.474029,2.8285
26/12/2021,West Ham,Southampton,2,3,1.53745,1.35643
26/12/2021,Manchester City,Leicester,6,3,3.82869,2.43425
26/12/2021,Norwich,Arsenal,0,5,0.154212,2.87539
26/12/2021,Tottenham,Crystal Palace,3,0,2.82148,0.178324
27/12/2021,Newcastle United,Manchester United,1,1,1.26586,1.75587
28/12/2021,Watford,West Ham,1,4,1.0143,2.84084
28/12/2021,Crystal Palace,Norwich,3,0,2.38978,0.594134
28/12/2021,Southampton,Tottenham,1,1,0.353043,2.80917
28/12/2021,Leicester,Liverpool,1,0,0.615892,2.72682
29/12/2021,Chelsea,Brighton,1,1,0.763458,0.78663
29/12/2021,Brentford,Manchester City,0,1,0.238829,1.01763
30/12/2021,Manchester United,Burnley,3,1,1.80776,0.871738
01/01/2022,Watford,Tottenham,0,1,0.303514,1.93752
01/01/2022,Crystal Palace,West Ham,2,3,2.69204,2.23146
01/01/2022,Arsenal,Manchester City,1,2,0.836949,1.94623
02/01/2022,Leeds,Burnley,3,1,2.04186,0.960493
02/01/2022,Chelsea,Liverpool,2,2,1.389,1.78897
02/01/2022,Brentford,Aston Villa,2,1,0.501329,1.13821
02/01/2022,Everton,Brighton,2,3,1.82698,1.48397
03/01/2022,Manchester United,Wolverhampton Wanderers,0,1,0.768752,0.840925
11/01/2022,Southampton,Brentford,4,1,1.59306,0.621466
12/01/2022,West Ham,Norwich,2,0,2.89217,0.343347
14/01/2022,Brighton,Crystal Palace,1,1,2.18053,0.509681
15/01/2022,Manchester City,Chelsea,1,0,0.901703,0.613757
15/01/2022,Newcastle United,Watford,1,1,1.03855,1.49623
15/01/2022,Norwich,Everton,2,1,1.00153,0.541027
15/01/2022,Wolverhampton Wanderers,Southampton,3,1,2.29917,0.91728
15/01/2022,Aston Villa,Manchester United,2,2,1.82784,1.35378
16/01/2022,Liverpool,Brentford,3,0,3.49099,0.376656
16/01/2022,West Ham,Leeds,2,3,2.3549,2.26884
18/01/2022,Brighton,Chelsea,1,1,0.747557,0.572994
19/01/2022,Leicester,Tottenham,2,3,1.95031,4.24711
19/01/2022,Brentford,Manchester United,1,3,2.081,2.05969
21/01/2022,Watford,Norwich,0,3,1.30606,0.925212
22/01/2022,Everton,Aston Villa,0,1,1.2384,0.860245
22/01/2022,Brentford,Wolverhampton Wanderers,1,2,0.742573,0.218211
22/01/2022,Leeds,Newcastle United,0,1,1.12992,1.15904
22/01/2022,Manchester United,West Ham,1,0,1.75857,0.238027
22/01/2022,Southampton,Manchester City,1,1,1.00222,1.62907
23/01/2022,Leicester,Brighton,1,1,1.70979,1.19738
23/01/2022,Chelsea,Tottenham,2,0,1.04212,0.328818
23/01/2022,Arsenal,Burnley,0,0,1.35507,0.388963
23/01/2022,Crystal Palace,Liverpool,1,3,1.62615,1.49697
05/02/2022,Burnley,Watford,0,0,0.765905,0.933965
08/02/2022,West Ham,Watford,1,0,0.905143,0.335474
08/02/2022,Newcastle United,Everton,3,1,2.68732,0.823607
08/02/2022,Burnley,Manchester United,1,1,0.772721,1.83387
09/02/2022,Manchester City,Brentford,2,0,1.98246,0.461305
09/02/2022,Norwich,Crystal Palace,1,1,0.296411,1.22883
09/02/2022,Tottenham,Southampton,2,3,1.74286,1.73293
09/02/2022,Aston Villa,Leeds,3,3,1.5013,2.52914
10/02/2022,Liverpool,Leicester,2,0,2.72997,0.544954
10/02/2022,Wolverhampton Wanderers,Arsenal,0,1,0.641359,1.45247
12/02/2022,Manchester United,Southampton,1,1,2.99207,0.677386
12/02/2022,Brentford,Crystal Palace,0,0,1.97576,0.49802
12/02/2022,Everton,Leeds,3,0,2.58561,0.242668
12/02/2022,Watford,Brighton,0,2,0.532979,1.80456
12/02/2022,Norwich,Manchester City,0,4,0.356755,4.44653
13/02/2022,Burnley,Liverpool,0,1,1.16081,1.95722
13/02/2022,Newcastle United,Aston Villa,1,0,0.527571,0.455206
13/02/2022,Tottenham,Wolverhampton Wanderers,0,2,0.838197,1.87026
13/02/2022,Leicester,West Ham,2,2,1.40693,0.745068
15/02/2022,Manchester United,Brighton,2,0,2.74936,1.26179
19/02/2022,Manchester City,Tottenham,2,3,2.31773,2.00235
19/02/2022,Southampton,Everton,2,0,2.72851,0.19991
19/02/2022,Crystal Palace,Chelsea,0,1,0.624023,1.12339
19/02/2022,Liverpool,Norwich,3,1,3.15449,0.66975
19/02/2022,Aston Villa,Watford,0,1,1.0267,1.82051
19/02/2022,Brighton,Burnley,0,3,0.44587,0.821228
19/02/2022,Arsenal,Brentford,2,1,1.52247,0.640726
19/02/2022,West Ham,Newcastle United,1,1,0.847948,0.932574
20/02/2022,Leeds,Manchester United,2,4,1.74476,2.60999
20/02/2022,Wolverhampton Wanderers,Leicester,2,1,0.472777,1.55048
23/02/2022,Burnley,Tottenham,1,0,1.55576,0.691655
23/02/2022,Watford,Crystal Palace,1,4,1.71917,0.818403
23/02/2022,Liverpool,Leeds,6,0,5.3303,0.141547
24/02/2022,Arsenal,Wolverhampton Wanderers,2,1,2.50961,1.10934
25/02/2022,Southampton,Norwich,2,0,3.08863,0.424877
26/02/2022,Leeds,Tottenham,0,4,1.89569,2.47025
26/02/2022,Brentford,Newcastle United,0,2,0.494232,2.25373
26/02/2022,Crystal Palace,Burnley,1,1,1.03765,0.255988
26/02/2022,Manchester United,Watford,0,0,2.41457,0.437185
26/02/2022,Brighton,Aston Villa,0,2,0.627107,1.3027
26/02/2022,Everton,Manchester City,0,1,0.770819,1.93422
27/02/2022,West Ham,Wolverhampton Wanderers,1,0,1.62241,0.892018
01/03/2022,Burnley,Leicester,0,2,1.04214,1.79558
05/03/2022,Wolverhampton Wanderers,Crystal Palace,0,2,0.710865,2.53759
05/03/2022,Liverpool,West Ham,1,0,2.18865,1.33829
05/03/2022,Norwich,Brentford,1,3,0.77334,2.22064
05/03/2022,Aston Villa,Southampton,4,0,2.85379,1.32947
05/03/2022,Burnley,Chelsea,0,4,0.849232,2.2868
05/03/2022,Newcastle United,Brighton,2,1,1.58028,1.64995
05/03/2022,Leicester,Leeds,1,0,0.359129,2.14389
06/03/2022,Watford,Arsenal,2,3,1.29603,1.00457
06/03/2022,Manchester City,Manchester United,4,1,2.74434,0.361782
07/03/2022,Tottenham,Everton,5,0,3.24279,0.208263
10/03/2022,Wolverhampton Wanderers,Watford,4,0,1.55037,0.498696
10/03/2022,Southampton,Newcastle United,1,2,1.79835,0.812233
10/03/2022,Norwich,Chelsea,1,3,0.965723,2.1308
10/03/2022,Leeds,Aston Villa,0,3,0.194028,1.2729
12/03/2022,Brighton,Liverpool,0,2,0.629316,2.48312
12/03/2022,Brentford,Burnley,2,0,1.82002,0.825311
12/03/2022,Manchester United,Tottenham,3,2,1.0181,1.62374
13/03/2022,Arsenal,Leicester,2,0,2.93665,0.54911
13/03/2022,West Ham,Aston Villa,2,1,1.58468,1.05391
13/03/2022,Southampton,Watford,1,2,1.25696,1.29385
13/03/2022,Everton,Wolverhampton Wanderers,0,1,0.397268,0.712135
13/03/2022,Chelsea,Newcastle United,1,0,1.07072,0.246037
13/03/2022,Leeds,Norwich,2,1,3.11755,1.40148
14/03/2022,Crystal Palace,Manchester City,0,0,0.474002,2.04021
16/03/2022,Brighton,Tottenham,0,2,1.04171,2.05196
16/03/2022,Arsenal,Liverpool,0,2,0.534265,1.27681
17/03/2022,Everton,Newcastle United,1,0,0.708809,0.75803
18/03/2022,Wolverhampton Wanderers,Leeds,2,3,1.24075,2.82103
19/03/2022,Aston Villa,Arsenal,0,1,0.309375,1.14522
20/03/2022,Leicester,Brentford,2,1,1.27865,1.72466
20/03/2022,Tottenham,West Ham,3,1,2.54795,0.644964
02/04/2022,Burnley,Manchester City,0,2,0.0591223,1.62008
02/04/2022,Manchester United,Leicester,1,1,0.902127,1.07638
02/04/2022,Chelsea,Brentford,1,4,1.29014,2.43422
02/04/2022,Brighton,Norwich,0,0,2.38297,0.494112
02/04/2022,Wolverhampton Wanderers,Aston Villa,2,1,1.62151,1.91256
02/04/2022,Liverpool,Watford,2,0,2.23651,0.753307
02/04/2022,Leeds,Southampton,1,1,1.50715,2.06387
03/04/2022,West Ham,Everton,2,1,1.49657,0.657846
03/04/2022,Tottenham,Newcastle United,5,1,3.6081,0.538152
04/04/2022,Crystal Palace,Arsenal,3,0,1.39707,1.05199
06/04/2022,Burnley,Everton,3,2,2.24439,2.31574
08/04/2022,Newcastle United,Wolverhampton Wanderers,1,0,1.43878,0.306867
09/04/2022,Aston Villa,Tottenham,0,4,1.48712,0.983601
09/04/2022,Arsenal,Brighton,1,2,2.35153,0.596106
09/04/2022,Watford,Leeds,0,3,1.07422,0.895612
09/04/2022,Everton,Manchester United,1,0,0.357295,0.762357
09/04/2022,Southampton,Chelsea,0,6,0.564726,4.39683
10/04/2022,Norwich,Burnley,2,0,1.6723,1.44652
10/04/2022,Leicester,Crystal Palace,2,1,0.879235,1.52767
10/04/2022,Brentford,West Ham,2,0,1.85534,0.244824
10/04/2022,Manchester City,Liverpool,2,2,1.34647,1.29983
16/04/2022,Manchester United,Norwich,3,2,1.66737,1.79754
16/04/2022,Southampton,Arsenal,1,0,1.04007,1.35002
16/04/2022,Tottenham,Brighton,0,1,0.58624,0.711155
16/04/2022,Watford,Brentford,1,2,1.50381,2.12457
17/04/2022,West Ham,Burnley,1,1,2.79175,1.88137
17/04/2022,Newcastle United,Leicester,2,1,2.54294,0.541084
19/04/2022,Liverpool,Manchester United,4,0,2.25967,0.110227
20/04/2022,Everton,Leicester,1,1,1.68819,0.786333
20/04/2022,Chelsea,Arsenal,2,4,0.593801,1.87331
20/04/2022,Newcastle United,Crystal Palace,1,0,0.767855,0.432788
20/04/2022,Manchester City,Brighton,3,0,1.52844,0.117354
21/04/2022,Burnley,Southampton,2,0,2.14743,1.31837
23/04/2022,Brentford,Tottenham,0,0,1.3153,0.517755
23/04/2022,Arsenal,Manchester United,3,1,2.54173,2.04244
23/04/2022,Norwich,Newcastle United,0,3,0.657661,1.87558
23/04/2022,Manchester City,Watford,5,1,3.68,0.42632
23/04/2022,Leicester,Aston Villa,0,0,0.235635,0.593202
24/04/2022,Brighton,Southampton,2,2,1.87343,0.926764
24/04/2022,Liverpool,Everton,2,0,1.70397,0.424961
24/04/2022,Chelsea,West Ham,1,0,2.34959,0.388975
24/04/2022,Burnley,Wolverhampton Wanderers,1,0,1.27298,0.592902
25/04/2022,Crystal Palace,Leeds,0,0,1.61656,0.374044
28/04/2022,Manchester United,Chelsea,1,1,0.618456,2.46868
30/04/2022,Newcastle United,Liverpool,0,1,0.115353,2.73435
30/04/2022,Wolverhampton Wanderers,Brighton,0,3,0.525912,2.90679
30/04/2022,Watford,Burnley,1,2,0.785742,1.37022
30/04/2022,Southampton,Crystal Palace,1,2,0.650256,0.756217
30/04/2022,Leeds,Manchester City,0,4,1.03608,3.01431
30/04/2022,Aston Villa,Norwich,2,0,2.31192,0.352212
01/05/2022,Tottenham,Leicester,3,1,1.65338,0.274133
01/05/2022,Everton,Chelsea,1,0,1.11712,1.21141
01/05/2022,West Ham,Arsenal,1,2,0.451976,0.964564
02/05/2022,Manchester United,Brentford,3,0,1.84111,0.681425
07/05/2022,Brentford,Southampton,3,0,3.68223,0.988574
07/05/2022,Brighton,Manchester United,4,0,2.82636,0.930715
07/05/2022,Liverpool,Tottenham,1,1,1.0481,0.982635
07/05/2022,Burnley,Aston Villa,1,3,1.31028,1.81256
07/05/2022,Crystal Palace,Watford,1,0,2.49142,0.255373
07/05/2022,Chelsea,Wolverhampton Wanderers,2,2,1.82098,1.6842
08/05/2022,Norwich,West Ham,0,4,0.77895,3.25894
08/05/2022,Leicester,Everton,1,2,1.47479,1.55635
08/05/2022,Arsenal,Leeds,2,1,2.7227,0.696785
08/05/2022,Manchester City,Newcastle United,5,0,4.05613,0.995099
10/05/2022,Aston Villa,Liverpool,1,2,1.44726,1.75417
11/05/2022,Leeds,Chelsea,0,3,0.499789,1.46853
11/05/2022,Leicester,Norwich,3,0,2.57058,1.21966
11/05/2022,Watford,Everton,0,0,0.232236,0.812193
11/05/2022,Wolverhampton Wanderers,Manchester City,1,5,0.411857,3.39304
12/05/2022,Tottenham,Arsenal,3,0,3.42522,0.387446
15/05/2022,Everton,Brentford,2,3,2.69589,1.81626
15/05/2022,Aston Villa,Crystal Palace,1,1,0.799443,1.39009
15/05/2022,Watford,Leicester,1,5,2.58968,2.27297
15/05/2022,Leeds,Brighton,1,1,2.22282,2.25898
15/05/2022,Wolverhampton Wanderers,Norwich,1,1,0.999066,1.53212
15/05/2022,Tottenham,Burnley,1,0,2.39449,0.629888
15/05/2022,West Ham,Manchester City,2,2,1.0088,2.14723
16/05/2022,Newcastle United,Arsenal,2,0,1.68299,0.492454
17/05/2022,Southampton,Liverpool,1,2,0.121506,1.19178
19/05/2022,Everton,Crystal Palace,3,2,0.813157,1.6023
19/05/2022,Aston Villa,Burnley,1,1,0.996403,1.63117
19/05/2022,Chelsea,Leicester,1,1,1.61996,0.0417972
22/05/2022,Manchester City,Aston Villa,3,2,3.3209,0.247841
22/05/2022,Liverpool,Wolverhampton Wanderers,3,1,3.19385,1.11708
22/05/2022,Leicester,Southampton,4,1,3.42058,1.05141
22/05/2022,Crystal Palace,Manchester United,1,0,0.354618,0.782005
22/05/2022,Norwich,Tottenham,0,5,0.310789,3.815
22/05/2022,Burnley,Newcastle United,1,2,1.49164,1.74291
22/05/2022,Brighton,West Ham,3,1,1.67774,0.268845
22/05/2022,Brentford,Leeds,1,2,0.844985,1.47786
22/05/2022,Arsenal,Everton,5,1,4.35597,1.08601
22/05/2022,Chelsea,Watford,2,1,2.59231,0.575755
05/08/2022,Crystal Palace,Arsenal,0,2,1.20637,1.43601
06/08/2022,Tottenham,Southampton,4,1,1.6172,0.386546
06/08/2022,Newcastle United,Nottingham Forest,2,0,1.8591,0.235825
06/08/2022,Everton,Chelsea,0,1,0.541983,1.92315
06/08/2022,Bournemouth,Aston Villa,2,0,0.588341,0.488895
06/08/2022,Fulham,Liverpool,2,2,1.26822,2.34111
06/08/2022,Leeds,Wolverhampton Wanderers,2,1,0.88917,1.10119
07/08/2022,Manchester United,Brighton,1,2,1.42103,1.7289
07/08/2022,Leicester,Brentford,2,2,0.455695,0.931067
07/08/2022,West Ham,Manchester City,0,2,0.246188,2.58739
13/08/2022,Brentford,Manchester United,4,0,1.38785,0.896038
13/08/2022,Aston Villa,Everton,2,1,2.66696,1.37507
13/08/2022,Brighton,Newcastle United,0,0,1.60835,0.183952
13/08/2022,Manchester City,Bournemouth,4,0,1.69064,0.123946
13/08/2022,Southampton,Leeds,2,2,1.40906,1.99694
13/08/2022,Wolverhampton Wanderers,Fulham,0,0,0.975375,1.08813
13/08/2022,Arsenal,Leicester,4,2,3.0107,0.690679
14/08/2022,Chelsea,Tottenham,2,2,1.83945,1.58708
14/08/2022,Nottingham Forest,West Ham,1,0,1.9717,2.08634
15/08/2022,Liverpool,Crystal Palace,1,1,2.23596,1.64468
20/08/2022,Tottenham,Wolverhampton Wanderers,1,0,1.46608,0.686123
20/08/2022,Crystal Palace,Aston Villa,3,1,2.91137,0.803828
20/08/2022,Everton,Nottingham Forest,1,1,1.43408,0.918315
20/08/2022,Fulham,Brentford,3,2,2.89934,1.59352
20/08/2022,Leicester,Southampton,1,2,0.242948,1.24155
20/08/2022,Bournemouth,Arsenal,0,3,0.211335,1.71081
21/08/2022,Leeds,Chelsea,3,0,2.20971,0.692492
21/08/2022,West Ham,Brighton,0,2,0.768634,1.82645
21/08/2022,Newcastle United,Manchester City,3,3,2.2127,3.67382
22/08/2022,Manchester United,Liverpool,2,1,2.01764,1.52301
27/08/2022,Manchester City,Crystal Palace,4,2,2.3853,0.091976
27/08/2022,Liverpool,Bournemouth,9,0,4.86035,0.180991
27/08/2022,Chelsea,Leicester,2,1,1.74916,1.96023
27/08/2022,Arsenal,Fulham,2,1,2.47427,0.926007
27/08/2022,Brentford,Everton,1,1,2.28391,1.65465
27/08/2022,Southampton,Manchester United,0,1,1.35887,1.34359
27/08/2022,Brighton,Leeds,1,0,1.60986,1.14874
28/08/2022,Aston Villa,West Ham,0,1,0.304555,0.334589
28/08/2022,Wolverhampton Wanderers,Newcastle United,1,1,1.13248,1.93362
28/08/2022,Nottingham Forest,Tottenham,0,2,0.801369,2.44473
30/08/2022,Southampton,Chelsea,2,1,1.44086,1.5047
30/08/2022,Leeds,Everton,1,1,1.04551,1.17189
30/08/2022,Fulham,Brighton,2,1,1.07093,1.75359
30/08/2022,Crystal Palace,Brentford,1,1,0.777363,1.61808
31/08/2022,Manchester City,Nottingham Forest,6,0,3.83759,0.729752
31/08/2022,Arsenal,Aston Villa,2,1,2.79971,0.297168
31/08/2022,Bournemouth,Wolverhampton Wanderers,0,0,0.362035,1.53246
31/08/2022,West Ham,Tottenham,1,1,1.52267,0.723285
31/08/2022,Liverpool,Newcastle United,2,1,1.76119,0.643546
01/09/2022,Leicester,Manchester United,0,1,0.615266,1.09969
03/09/2022,Brentford,Leeds,5,2,2.7485,1.796
03/09/2022,Aston Villa,Manchester City,1,1,0.279392,1.92143
03/09/2022,Chelsea,West Ham,2,1,0.707333,1.4196
03/09/2022,Wolverhampton Wanderers,Southampton,1,0,1.10039,1.20838
03/09/2022,Nottingham Forest,Bournemouth,2,3,1.32895,0.905041
03/09/2022,Newcastle United,Crystal Palace,0,0,2.90672,0.920595
03/09/2022,Everton,Liverpool,0,0,1.39169,1.38617
03/09/2022,Tottenham,Fulham,2,1,2.67823,0.381556
04/09/2022,Brighton,Leicester,5,2,2.73166,1.06549
04/09/2022,Manchester United,Arsenal,3,1,2.02904,1.42238
16/09/2022,Aston Villa,Southampton,1,0,1.34365,0.218302
16/09/2022,Nottingham Forest,Fulham,2,3,1.41541,1.3496
17/09/2022,Wolverhampton Wanderers,Manchester City,0,3,0.310995,1.4242
17/09/2022,Newcastle United,Bournemouth,1,1,1.54758,0.976948
17/09/2022,Tottenham,Leicester,6,2,1.98619,1.59449
18/09/2022,Brentford,Arsenal,0,3,0.54011,1.32021
18/09/2022,Everton,West Ham,1,0,0.39773,0.655351
01/10/2022,Fulham,Newcastle United,1,4,0.683701,4.67198
01/10/2022,West Ham,Wolverhampton Wanderers,2,0,1.03934,0.575988
01/10/2022,Southampton,Everton,1,2,1.95961,1.99979
01/10/2022,Liverpool,Brighton,3,3,2.1515,2.36567
01/10/2022,Bournemouth,Brentford,0,0,0.758128,1.046
01/10/2022,Arsenal,Tottenham,3,1,2.48403,1.5027
01/10/2022,Crystal Palace,Chelsea,1,2,0.70987,1.25506
02/10/2022,Manchester City,Manchester United,6,3,3.01103,1.71335
02/10/2022,Leeds,Aston Villa,0,0,0.298626,1.89645
03/10/2022,Leicester,Nottingham Forest,4,0,1.2497,1.22169
08/10/2022,Brighton,Tottenham,0,1,0.899735,0.771641
08/10/2022,Bournemouth,Leicester,2,1,1.14891,1.18125
08/10/2022,Chelsea,Wolverhampton Wanderers,3,0,2.43092,0.748449
08/10/2022,Manchester City,Southampton,4,0,2.73536,0.101148
08/10/2022,Newcastle United,Brentford,5,1,2.44631,1.13466
09/10/2022,Arsenal,Liverpool,3,2,2.81968,0.765151
09/10/2022,Everton,Manchester United,1,2,0.365844,1.82612
09/10/2022,Crystal Palace,Leeds,2,1,1.65194,1.06564
09/10/2022,West Ham,Fulham,3,1,3.43676,0.549848
10/10/2022,Nottingham Forest,Aston Villa,1,1,0.221346,0.657187
14/10/2022,Brentford,Brighton,2,0,1.90636,2.15668
15/10/2022,Leicester,Crystal Palace,0,0,0.973426,0.346808
15/10/2022,Fulham,Bournemouth,2,2,1.61738,1.62829
15/10/2022,Wolverhampton Wanderers,Nottingham Forest,1,0,1.22368,1.24761
15/10/2022,Tottenham,Everton,2,0,2.49409,0.560039
16/10/2022,Aston Villa,Chelsea,0,2,2.44542,1.23643
16/10/2022,Leeds,Arsenal,0,1,2.02232,0.821757
16/10/2022,Manchester United,Newcastle United,0,0,1.41606,0.78815
16/10/2022,Southampton,West Ham,1,1,0.524479,1.70727
16/10/2022,Liverpool,Manchester City,1,0,1.9992,0.911493
18/10/2022,Brighton,Nottingham Forest,0,0,2.10188,0.195003
18/10/2022,Crystal Palace,Wolverhampton Wanderers,2,1,1.25617,0.857837
19/10/2022,Liverpool,West Ham,1,0,2.24066,2.48649
19/10/2022,Newcastle United,Everton,1,0,1.13393,0.0609567
19/10/2022,Manchester United,Tottenham,2,0,1.70973,0.658526
19/10/2022,Bournemouth,Southampton,0,1,0.810452,1.23878
19/10/2022,Brentford,Chelsea,0,0,1.45228,0.557405
20/10/2022,Fulham,Aston Villa,3,0,2.892,0.711487
20/10/2022,Leicester,Leeds,2,0,0.655249,1.19464
22/10/2022,Nottingham Forest,Liverpool,1,0,2.50163,2.19752
22/10/2022,Everton,Crystal Palace,3,0,1.93396,0.597167
22/10/2022,Manchester City,Brighton,3,1,1.86239,0.52863
22/10/2022,Chelsea,Manchester United,1,1,1.20238,0.730935
23/10/2022,Tottenham,Newcastle United,1,2,1.56513,1.1294
23/10/2022,Wolverhampton Wanderers,Leicester,0,4,1.61785,0.989075
23/10/2022,Aston Villa,Brentford,4,0,3.45617,1.00462
23/10/2022,Leeds,Fulham,2,3,1.96384,2.47512
23/10/2022,Southampton,Arsenal,1,1,0.622653,1.57897
24/10/2022,West Ham,Bournemouth,2,0,1.97715,0.730443
29/10/2022,Newcastle United,Aston Villa,4,0,4.18808,0.270814
29/10/2022,Liverpool,Leeds,1,2,1.90889,1.61271
29/10/2022,Crystal Palace,Southampton,1,0,1.00384,1.35803
29/10/2022,Fulham,Everton,0,0,1.76438,1.19166
29/10/2022,Brentford,Wolverhampton Wanderers,1,1,1.29257,0.557605
29/10/2022,Bournemouth,Tottenham,2,3,0.887533,2.1946
29/10/2022,Leicester,Manchester City,0,1,0.693597,0.703827
29/10/2022,Brighton,Chelsea,4,1,2.881,1.07554
30/10/2022,Arsenal,Nottingham Forest,5,0,3.00699,0.206127
30/10/2022,Manchester United,West Ham,1,0,1.7514,1.00033
05/11/2022,Everton,Leicester,0,2,1.3729,2.2679
05/11/2022,Nottingham Forest,Brentford,2,2,1.29696,1.2204
05/11/2022,Wolverhampton Wanderers,Brighton,2,3,1.29252,1.87375
05/11/2022,Leeds,Bournemouth,4,3,2.22532,1.55594
05/11/2022,Manchester City,Fulham,2,1,2.39332,0.843884
06/11/2022,Chelsea,Arsenal,0,1,0.278815,2.37846
06/11/2022,Aston Villa,Manchester United,3,1,0.578563,0.517189
06/11/2022,Southampton,Newcastle United,1,4,1.65228,1.42101
06/11/2022,West Ham,Crystal Palace,1,2,0.192579,1.03344
06/11/2022,Tottenham,Liverpool,1,2,1.81736,1.46548
12/11/2022,Wolverhampton Wanderers,Arsenal,0,2,0.512339,2.27996
12/11/2022,Newcastle United,Chelsea,1,0,1.3601,0.359105
12/11/2022,West Ham,Leicester,0,2,0.720721,1.60566
12/11/2022,Tottenham,Leeds,4,3,2.58046,1.71731
12/11/2022,Liverpool,Southampton,3,1,2.74418,1.43427
12/11/2022,Bournemouth,Everton,3,0,2.45642,0.768756
12/11/2022,Manchester City,Brentford,1,2,1.605,3.29012
12/11/2022,Nottingham Forest,Crystal Palace,1,0,1.23752,1.14552
13/11/2022,Brighton,Aston Villa,1,2,0.829107,1.15437
13/11/2022,Fulham,Manchester United,1,2,1.70218,3.37664
26/12/2022,Brentford,Tottenham,2,2,2.25263,0.883787
26/12/2022,Crystal Palace,Fulham,0,3,0.421754,2.69927
26/12/2022,Everton,Wolverhampton Wanderers,1,2,1.22653,1.22076
26/12/2022,Leicester,Newcastle United,0,3,0.31099,1.76382
26/12/2022,Southampton,Brighton,1,3,1.70709,1.00714
26/12/2022,Aston Villa,Liverpool,1,3,1.69155,3.50694
26/12/2022,Arsenal,West Ham,3,1,1.88828,1.02652
27/12/2022,Chelsea,Bournemouth,2,0,1.91378,0.44307
27/12/2022,Manchester United,Nottingham Forest,3,0,2.13668,0.477076
28/12/2022,Leeds,Manchester City,1,3,0.603751,4.16249
30/12/2022,Liverpool,Leicester,2,1,2.02463,0.863312
30/12/2022,West Ham,Brentford,0,2,1.13979,1.51436
31/12/2022,Wolverhampton Wanderers,Manchester United,0,1,0.587672,2.44728
31/12/2022,Bournemouth,Crystal Palace,0,2,0.895819,1.75264
31/12/2022,Fulham,Southampton,2,1,1.49305,0.698711
31/12/2022,Manchester City,Everton,1,1,2.36333,0.0760019
31/12/2022,Newcastle United,Leeds,0,0,2.78846,0.517099
31/12/2022,Brighton,Arsenal,2,4,1.15663,3.22106
01/01/2023,Tottenham,Aston Villa,0,2,0.569383,1.21733
01/01/2023,Nottingham Forest,Chelsea,1,1,0.985219,1.37305
02/01/2023,Brentford,Liverpool,3,1,2.0991,2.10461
03/01/2023,Arsenal,Newcastle United,0,0,0.970637,0.959523
03/01/2023,Everton,Brighton,1,4,1.16896,2.50731
03/01/2023,Leicester,Fulham,0,1,1.45221,1.33493
03/01/2023,Manchester United,Bournemouth,3,0,2.97383,0.679022
04/01/2023,Aston Villa,Wolverhampton Wanderers,1,1,1.03226,0.832522
04/01/2023,Crystal Palace,Tottenham,0,4,0.787525,1.66514
04/01/2023,Southampton,Nottingham Forest,0,1,0.62937,1.22324
04/01/2023,Leeds,West Ham,2,2,1.2577,1.29245
05/01/2023,Chelsea,Manchester City,0,1,0.493576,1.71972
12/01/2023,Fulham,Chelsea,2,1,0.711266,2.39911
13/01/2023,Aston Villa,Leeds,2,1,1.64599,2.46295
14/01/2023,Brentford,Bournemouth,2,0,1.29815,0.269283
14/01/2023,Nottingham Forest,Leicester,2,0,1.75313,0.803421
14/01/2023,Wolverhampton Wanderers,West Ham,1,0,0.806232,0.735105
14/01/2023,Brighton,Liverpool,3,0,2.40062,1.28853
14/01/2023,Manchester United,Manchester City,2,1,1.98228,0.73695
14/01/2023,Everton,Southampton,1,2,1.18191,1.08412
15/01/2023,Chelsea,Crystal Palace,1,0,2.12987,0.837366
15/01/2023,Newcastle United,Fulham,1,0,1.96256,0.989872
15/01/2023,Tottenham,Arsenal,0,2,1.71032,2.04232
18/01/2023,Crystal Palace,Manchester United,1,1,0.413339,1.39437
19/01/2023,Manchester City,Tottenham,4,2,2.34166,1.16499
21/01/2023,West Ham,Everton,2,0,2.46879,0.286826
21/01/2023,Crystal Palace,Newcastle United,0,0,0.333154,1.44384
21/01/2023,Southampton,Aston Villa,0,1,0.672444,1.16432
21/01/2023,Bournemouth,Nottingham Forest,1,1,1.80549,1.57544
21/01/2023,Liverpool,Chelsea,0,0,1.30125,1.84467
21/01/2023,Leicester,Brighton,2,2,1.35941,1.94491
22/01/2023,Leeds,Brentford,0,0,0.374736,0.17114
22/01/2023,Manchester City,Wolverhampton Wanderers,3,0,3.32757,0.469277
22/01/2023,Arsenal,Manchester United,3,2,2.90273,0.272246
23/01/2023,Fulham,Tottenham,0,1,1.09339,0.993805
03/02/2023,Chelsea,Fulham,0,0,1.41471,0.493341
04/02/2023,Newcastle United,West Ham,1,1,1.22883,1.27831
04/02/2023,Everton,Arsenal,1,0,2.09191,0.690102
04/02/2023,Aston Villa,Leicester,2,4,1.4989,2.49784
04/02/2023,Brentford,Southampton,3,0,2.36747,0.644385
04/02/2023,Brighton,Bournemouth,1,0,2.55696,0.908298
04/02/2023,Manchester United,Crystal Palace,2,1,2.07035,1.3798
04/02/2023,Wolverhampton Wanderers,Liverpool,3,0,2.63328,1.30193
05/02/2023,Tottenham,Manchester City,1,0,1.42168,0.773747
05/02/2023,Nottingham Forest,Leeds,1,0,0.3325,1.12331
08/02/2023,Manchester United,Leeds,2,2,2.00007,0.554798
11/02/2023,West Ham,Chelsea,1,1,1.07615,0.900465
11/02/2023,Arsenal,Brentford,1,1,1.36738,2.17538
11/02/2023,Crystal Palace,Brighton,1,1,0.928279,2.64981
11/02/2023,Fulham,Nottingham Forest,2,0,1.69704,0.686824
11/02/2023,Leicester,Tottenham,4,1,1.41208,1.11709
11/02/2023,Southampton,Wolverhampton Wanderers,1,2,1.30203,0.615651
11/02/2023,Bournemouth,Newcastle United,1,1,1.54458,1.54853
12/02/2023,Leeds,Manchester United,0,2,1.89163,1.30375
12/02/2023,Manchester City,Aston Villa,3,1,3.60987,0.275348
13/02/2023,Liverpool,Everton,2,0,2.23291,0.402331
15/02/2023,Arsenal,Manchester City,1,3,1.70139,2.00841
18/02/2023,Wolverhampton Wanderers,Bournemouth,0,1,0.911415,1.15274
18/02/2023,Newcastle United,Liverpool,0,2,1.74852,2.16549
18/02/2023,Everton,Leeds,1,0,1.53811,0.597403
18/02/2023,Nottingham Forest,Manchester City,1,1,1.12735,2.80966
18/02/2023,Brighton,Fulham,0,1,2.71375,0.224214
18/02/2023,Aston Villa,Arsenal,2,4,0.335752,2.85981
18/02/2023,Chelsea,Southampton,0,1,1.61723,0.619532
18/02/2023,Brentford,Crystal Palace,1,1,0.610105,1.12202
19/02/2023,Manchester United,Leicester,3,0,4.24663,1.39678
19/02/2023,Tottenham,West Ham,2,0,1.43042,0.365173
24/02/2023,Fulham,Wolverhampton Wanderers,1,1,0.913133,0.997097
25/02/2023,Bournemouth,Manchester City,1,4,1.08527,2.98206
25/02/2023,Everton,Aston Villa,0,2,1.54109,2.06037
25/02/2023,Leeds,Southampton,1,0,0.720048,0.391128
25/02/2023,Leicester,Arsenal,0,1,0.0203463,0.722059
25/02/2023,West Ham,Nottingham Forest,4,0,3.05032,0.350849
25/02/2023,Crystal Palace,Liverpool,0,0,0.989086,1.35123
26/02/2023,Tottenham,Chelsea,2,0,0.926313,0.262281
01/03/2023,Liverpool,Wolverhampton Wanderers,2,0,2.70191,0.78681
01/03/2023,Arsenal,Everton,4,0,3.06919,1.604
04/03/2023,Arsenal,Bournemouth,3,2,2.46279,1.74267
04/03/2023,Wolverhampton Wanderers,Tottenham,1,0,0.562477,1.25588
04/03/2023,Southampton,Leicester,1,0,1.34332,1.67051
04/03/2023,Chelsea,Leeds,1,0,1.8678,0.633995
04/03/2023,Manchester City,Newcastle United,2,0,1.34144,0.359809
04/03/2023,Aston Villa,Crystal Palace,1,0,0.890605,0.152761
04/03/2023,Brighton,West Ham,4,0,3.49993,0.250045
05/03/2023,Nottingham Forest,Everton,2,2,0.799733,1.70877
05/03/2023,Liverpool,Manchester United,7,0,3.44269,0.837542
06/03/2023,Brentford,Fulham,3,2,2.44358,1.67531
11/03/2023,Crystal Palace,Manchester City,0,1,0.185498,2.1884
11/03/2023,Bournemouth,Liverpool,1,0,1.10128,2.13465
11/03/2023,Everton,Brentford,1,0,1.71599,1.95088
11/03/2023,Leeds,Brighton,2,2,0.596738,1.51388
11/03/2023,Leicester,Chelsea,1,3,2.36139,1.49478
11/03/2023,Tottenham,Nottingham Forest,3,1,1.73482,1.62805
12/03/2023,Newcastle United,Wolverhampton Wanderers,2,1,2.45527,0.709895
12/03/2023,West Ham,Aston Villa,1,1,2.14634,1.99139
12/03/2023,Fulham,Arsenal,0,3,0.61832,2.64355
12/03/2023,Manchester United,Southampton,0,0,0.910911,1.18053
15/03/2023,Southampton,Brentford,0,2,0.358977,1.66591
15/03/2023,Brighton,Crystal Palace,1,0,0.588727,1.21452
17/03/2023,Nottingham Forest,Newcastle United,1,2,0.531985,2.50027
18/03/2023,Aston Villa,Bournemouth,3,0,3.45474,0.50014
18/03/2023,Brentford,Leicester,1,1,0.476467,1.42133
18/03/2023,Southampton,Tottenham,3,3,2.52077,1.88473
18/03/2023,Wolverhampton Wanderers,Leeds,2,4,2.76358,1.6549
18/03/2023,Chelsea,Everton,2,2,1.90027,1.64675
19/03/2023,Arsenal,Crystal Palace,4,1,1.53568,1.19194
01/04/2023,Nottingham Forest,Wolverhampton Wanderers,1,1,1.11441,0.383739
01/04/2023,Crystal Palace,Leicester,2,1,1.93471,0.198959
01/04/2023,Brighton,Brentford,3,3,3.8195,1.2788
01/04/2023,Chelsea,Aston Villa,0,2,2.38024,0.765794
01/04/2023,Arsenal,Leeds,4,1,3.29548,0.497609
01/04/2023,Manchester City,Liverpool,4,1,3.01243,0.318171
01/04/2023,Bournemouth,Fulham,2,1,3.14054,0.601049
02/04/2023,West Ham,Southampton,1,0,1.40363,0.318261
02/04/2023,Newcastle United,Manchester United,2,0,3.33162,0.334127
03/04/2023,Everton,Tottenham,1,1,0.823365,1.39177
04/04/2023,Leicester,Aston Villa,1,2,0.671597,1.00159
04/04/2023,Bournemouth,Brighton,0,2,1.15322,2.63392
04/04/2023,Leeds,Nottingham Forest,2,1,2.43248,0.613917
04/04/2023,Chelsea,Liverpool,0,0,2.18903,0.202217
05/04/2023,Manchester United,Brentford,1,0,1.1445,0.64499
05/04/2023,West Ham,Newcastle United,1,5,0.83342,2.84091
08/04/2023,Manchester United,Everton,2,0,4.38578,0.949183
08/04/2023,Aston Villa,Nottingham Forest,2,0,1.42718,0.232452
08/04/2023,Brentford,Newcastle United,1,2,2.06521,1.02337
08/04/2023,Fulham,West Ham,0,1,0.456524,1.23261
08/04/2023,Leicester,Bournemouth,0,1,0.731965,1.92396
08/04/2023,Tottenham,Brighton,2,1,0.594139,1.47549
08/04/2023,Wolverhampton Wanderers,Chelsea,1,0,0.601153,0.815308
08/04/2023,Southampton,Manchester City,1,4,0.492801,3.05999
09/04/2023,Liverpool,Arsenal,2,2,4.64012,1.53631
09/04/2023,Leeds,Crystal Palace,1,5,1.02075,3.22687
15/04/2023,Aston Villa,Newcastle United,3,0,1.91802,0.425086
15/04/2023,Chelsea,Brighton,1,2,0.46331,2.52107
15/04/2023,Everton,Fulham,1,3,2.24262,1.92209
15/04/2023,Southampton,Crystal Palace,0,2,0.678449,0.86306
15/04/2023,Tottenham,Bournemouth,2,3,2.30604,1.20598
15/04/2023,Wolverhampton Wanderers,Brentford,2,0,0.93912,1.5133
15/04/2023,Manchester City,Leicester,3,1,1.60702,1.92692
16/04/2023,Nottingham Forest,Manchester United,0,2,1.05289,3.33747
16/04/2023,West Ham,Arsenal,2,2,1.96095,2.71782
17/04/2023,Leeds,Liverpool,1,6,1.16748,2.65476
21/04/2023,Arsenal,Southampton,3,3,2.39609,1.43063
22/04/2023,Liverpool,Nottingham Forest,3,2,3.32745,0.724666
22/04/2023,Fulham,Leeds,2,1,1.43763,1.07482
22/04/2023,Brentford,Aston Villa,1,1,2.03162,1.66602
22/04/2023,Crystal Palace,Everton,0,0,0.368137,0.433712
22/04/2023,Leicester,Wolverhampton Wanderers,2,1,2.66929,0.59626
23/04/2023,Newcastle United,Tottenham,6,1,3.98532,0.883001
23/04/2023,Bournemouth,West Ham,0,4,0.974687,2.52322
25/04/2023,Wolverhampton Wanderers,Crystal Palace,2,0,1.12829,0.580294
25/04/2023,Aston Villa,Fulham,1,0,0.839159,0.079864
25/04/2023,Leeds,Leicester,1,1,2.09645,2.08594
26/04/2023,Nottingham Forest,Brighton,3,1,2.43846,2.33064
26/04/2023,West Ham,Liverpool,1,2,0.939348,1.7045
26/04/2023,Chelsea,Brentford,0,2,1.21124,0.695344
26/04/2023,Manchester City,Arsenal,4,1,2.01168,0.398372
27/04/2023,Everton,Newcastle United,1,4,0.777008,2.86368
27/04/2023,Southampton,Bournemouth,0,1,0.477034,0.988554
27/04/2023,Tottenham,Manchester United,2,2,2.37239,1.96508
29/04/2023,Crystal Palace,West Ham,4,3,2.31888,1.98262
29/04/2023,Brentford,Nottingham Forest,2,1,1.32059,0.939693
29/04/2023,Brighton,Wolverhampton Wanderers,6,0,3.60471,0.603985
30/04/2023,Liverpool,Tottenham,4,3,2.42911,1.44927
30/04/2023,Manchester United,Aston Villa,1,0,1.3056,0.434738
30/04/2023,Newcastle United,Southampton,3,1,3.91457,0.897175
30/04/2023,Bournemouth,Leeds,4,1,2.51723,1.33691
30/04/2023,Fulham,Manchester City,1,2,0.431813,2.32338
01/05/2023,Leicester,Everton,2,2,3.32486,3.28648
02/05/2023,Arsenal,Chelsea,3,1,2.7832,0.785202
03/05/2023,Liverpool,Fulham,1,0,1.67372,0.740125
03/05/2023,Manchester City,West Ham,3,0,2.99908,0.492075
04/05/2023,Brighton,Manchester United,1,0,2.09953,1.32105
06/05/2023,Tottenham,Crystal Palace,1,0,1.15665,0.306669
06/05/2023,Bournemouth,Chelsea,1,3,1.21755,1.76852
06/05/2023,Manchester City,Leeds,2,1,2.83472,0.140924
06/05/2023,Wolverhampton Wanderers,Aston Villa,1,0,0.80605,1.50158
06/05/2023,Liverpool,Brentford,1,0,1.992,0.183892
07/05/2023,Newcastle United,Arsenal,0,2,1.37224,1.29061
07/05/2023,West Ham,Manchester United,1,0,1.76618,1.1942
08/05/2023,Nottingham Forest,Southampton,4,3,1.91326,3.31096
08/05/2023,Fulham,Leicester,5,3,1.75276,2.92566
08/05/2023,Brighton,Everton,1,5,3.23717,2.94223
13/05/2023,Southampton,Fulham,0,2,0.149649,1.27085
13/05/2023,Manchester United,Wolverhampton Wanderers,2,0,3.10118,0.268789
13/05/2023,Crystal Palace,Bournemouth,2,0,1.40237,0.262022
13/05/2023,Leeds,Newcastle United,2,2,2.01567,2.35118
13/05/2023,Aston Villa,Tottenham,2,1,1.79987,1.18505
13/05/2023,Chelsea,Nottingham Forest,2,2,0.999181,1.96797
14/05/2023,Brentford,West Ham,2,0,4.42571,0.203312
14/05/2023,Everton,Manchester City,0,3,1.18597,1.04338
14/05/2023,Arsenal,Brighton,0,3,0.958651,2.21276
15/05/2023,Leicester,Liverpool,0,3,0.527496,1.77085
18/05/2023,Newcastle United,Brighton,4,1,4.11359,0.593493
20/05/2023,Wolverhampton Wanderers,Everton,1,1,1.28976,2.46976
20/05/2023,Liverpool,Aston Villa,1,1,0.918508,1.46948
20/05/2023,Nottingham Forest,Arsenal,1,0,1.1397,0.4902
20/05/2023,Bournemouth,Manchester United,0,1,0.815723,1.71783
20/05/2023,Tottenham,Brentford,1,3,1.61667,1.15344
20/05/2023,Fulham,Crystal Palace,2,2,1.95519,1.70785
21/05/2023,Manchester City,Chelsea,1,0,1.20557,1.15648
21/05/2023,Brighton,Southampton,3,1,2.41418,0.863659
21/05/2023,West Ham,Leeds,3,1,2.48001,0.645828
22/05/2023,Newcastle United,Leicester,0,0,2.05089,0.0839072
24/05/2023,Brighton,Manchester City,1,1,2.11486,1.92973
25/05/2023,Manchester United,Chelsea,4,1,4.92231,1.68364
28/05/2023,Southampton,Liverpool,4,4,1.33964,4.00345
28/05/2023,Manchester United,Fulham,2,1,2.74766,1.88167
28/05/2023,Leicester,West Ham,2,1,2.03013,0.970352
28/05/2023,Leeds,Tottenham,1,4,1.19151,2.03315
28/05/2023,Everton,Bournemouth,1,0,1.12933,0.432084
28/05/2023,Crystal Palace,Nottingham Forest,1,1,1.00786,0.436439
28/05/2023,Chelsea,Newcastle United,1,1,2.01924,1.51899
28/05/2023,Brentford,Manchester City,1,0,1.43893,1.18649
28/05/2023,Aston Villa,Brighton,2,1,2.55845,1.23117
28/05/2023,Arsenal,Wolverhampton Wanderers,5,0,3.02466,0.38772
11/08/2023,Burnley,Manchester City,0,3,0.311032,2.40074
12/08/2023,Newcastle United,Aston Villa,5,1,4.32208,1.486
12/08/2023,Sheffield United,Crystal Palace,0,1,0.422704,2.27616
12/08/2023,Everton,Fulham,0,1,2.59001,1.58144
12/08/2023,Bournemouth,West Ham,1,1,1.51025,1.4834
12/08/2023,Arsenal,Nottingham Forest,2,1,0.84262,0.966305
12/08/2023,Brighton,Luton,4,1,4.36748,1.88594
13/08/2023,Brentford,Tottenham,2,2,1.90756,1.45316
13/08/2023,Chelsea,Liverpool,1,1,1.93258,1.29994
14/08/2023,Manchester United,Wolverhampton Wanderers,1,0,1.97087,1.72228
18/08/2023,Nottingham Forest,Sheffield United,2,1,1.37181,0.551038
19/08/2023,Liverpool,Bournemouth,3,1,3.25448,1.3867
19/08/2023,Wolverhampton Wanderers,Brighton,1,4,2.68821,3.15562
19/08/2023,Fulham,Brentford,0,3,0.399899,3.46888
19/08/2023,Tottenham,Manchester United,2,0,2.53904,2.44604
19/08/2023,Manchester City,Newcastle United,1,0,1.22528,0.257154
20/08/2023,Aston Villa,Everton,4,0,3.24336,0.721465
20/08/2023,West Ham,Chelsea,3,1,1.71234,1.60916
21/08/2023,Crystal Palace,Arsenal,0,1,1.06916,2.20593
25/08/2023,Chelsea,Luton,3,0,3.41419,0.465741
26/08/2023,Manchester United,Nottingham Forest,3,2,3.02803,0.960354
26/08/2023,Brighton,West Ham,1,3,1.3743,2.9527
26/08/2023,Everton,Wolverhampton Wanderers,0,1,1.89792,1.40228
26/08/2023,Bournemouth,Tottenham,0,2,0.483582,2.26115
26/08/2023,Arsenal,Fulham,2,2,3.23088,0.849817
26/08/2023,Brentford,Crystal Palace,1,1,0.948011,1.06061
27/08/2023,Burnley,Aston Villa,1,3,0.630605,2.83691
27/08/2023,Sheffield United,Manchester City,1,2,0.762232,3.84804
27/08/2023,Newcastle United,Liverpool,1,2,1.62037,0.856121
01/09/2023,Luton,West Ham,1,2,2.02244,1.22528
02/09/2023,Brighton,Newcastle United,3,1,1.32258,0.90476
02/09/2023,Chelsea,Nottingham Forest,0,1,2.28442,1.1505
02/09/2023,Burnley,Tottenham,2,5,1.66604,2.39785
02/09/2023,Brentford,Bournemouth,2,2,3.07185,2.11013
02/09/2023,Manchester City,Fulham,5,1,2.00152,1.46427
02/09/2023,Sheffield United,Everton,2,2,1.575,2.73871
03/09/2023,Crystal Palace,Wolverhampton Wanderers,3,2,2.32935,1.13911
03/09/2023,Liverpool,Aston Villa,3,0,2.73138,0.615503
03/09/2023,Arsenal,Manchester United,3,1,1.90973,0.966109
16/09/2023,Newcastle United,Brentford,1,0,1.50126,0.633678
16/09/2023,Manchester United,Brighton,1,3,0.719951,1.93908
16/09/2023,Fulham,Luton,1,0,1.75704,1.45705
16/09/2023,Wolverhampton Wanderers,Liverpool,1,3,0.538833,2.82701
16/09/2023,West Ham,Manchester City,1,3,0.895632,4.15046
16/09/2023,Tottenham,Sheffield United,2,1,2.15909,0.790655
16/09/2023,Aston Villa,Crystal Palace,3,1,2.31518,1.11696
17/09/2023,Bournemouth,Chelsea,0,0,1.32515,1.39677
17/09/2023,Everton,Arsenal,0,1,0.28317,0.802605
18/09/2023,Nottingham Forest,Burnley,1,1,0.705795,0.807651
23/09/2023,Luton,Wolverhampton Wanderers,1,1,2.24101,0.762984
23/09/2023,Manchester City,Nottingham Forest,2,0,1.33984,0.729109
23/09/2023,Crystal Palace,Fulham,0,0,0.37236,0.542678
23/09/2023,Brentford,Everton,1,3,1.57402,2.51497
23/09/2023,Burnley,Manchester United,0,1,0.935444,0.840273
24/09/2023,Sheffield United,Newcastle United,0,8,0.579392,5.1082
24/09/2023,Liverpool,West Ham,3,1,4.14262,1.53878
24/09/2023,Brighton,Bournemouth,3,1,2.14533,1.58984
24/09/2023,Arsenal,Tottenham,2,2,2.3429,2.21166
24/09/2023,Chelsea,Aston Villa,0,1,1.19716,1.13479
30/09/2023,Aston Villa,Brighton,6,1,1.90746,1.72819
30/09/2023,Everton,Luton,1,2,3.65377,1.5102
30/09/2023,Manchester United,Crystal Palace,0,1,1.55408,1.19015
30/09/2023,Newcastle United,Burnley,2,0,3.08516,0.801849
30/09/2023,Bournemouth,Arsenal,0,4,0.644443,4.0742
30/09/2023,West Ham,Sheffield United,2,0,3.19753,0.911997
30/09/2023,Wolverhampton Wanderers,Manchester City,2,1,0.673985,0.98075
30/09/2023,Tottenham,Liverpool,2,1,2.18823,1.12299
01/10/2023,Nottingham Forest,Brentford,1,1,0.800317,1.75862
02/10/2023,Fulham,Chelsea,0,2,0.889383,1.98461
03/10/2023,Luton,Burnley,1,2,1.53058,0.920206
07/10/2023,Crystal Palace,Nottingham Forest,0,0,0.982452,1.22105
07/10/2023,Manchester United,Brentford,2,1,1.29356,1.02509
07/10/2023,Fulham,Sheffield United,3,1,2.26612,0.251809
07/10/2023,Everton,Bournemouth,3,0,3.16482,0.981732
07/10/2023,Burnley,Chelsea,1,4,0.956642,1.97566
07/10/2023,Luton,Tottenham,0,1,0.848118,2.37947
08/10/2023,Brighton,Liverpool,2,2,2.23187,2.51029
08/10/2023,West Ham,Newcastle United,2,2,0.931345,1.97865
08/10/2023,Wolverhampton Wanderers,Aston Villa,1,1,1.76232,1.81618
08/10/2023,Arsenal,Manchester City,1,0,0.386558,0.858071
21/10/2023,Liverpool,Everton,2,0,2.28568,0.0937725
21/10/2023,Bournemouth,Wolverhampton Wanderers,1,2,1.01839,2.30454
21/10/2023,Brentford,Burnley,3,0,3.15685,0.693129
21/10/2023,Manchester City,Brighton,2,1,0.962509,0.963733
21/10/2023,Newcastle United,Crystal Palace,4,0,3.73336,1.08795
21/10/2023,Nottingham Forest,Luton,2,2,3.27549,1.49555
21/10/2023,Chelsea,Arsenal,2,2,1.71838,1.05791
21/10/2023,Sheffield United,Manchester United,1,2,1.41074,1.46187
22/10/2023,Aston Villa,West Ham,4,1,2.34143,0.659622
23/10/2023,Tottenham,Fulham,2,0,1.63523,0.745838
27/10/2023,Crystal Palace,Tottenham,1,2,0.561834,0.989103
28/10/2023,Chelsea,Brentford,0,2,1.71801,2.48137
28/10/2023,Bournemouth,Burnley,2,1,1.10052,0.90255
28/10/2023,Arsenal,Sheffield United,5,0,3.03496,0.0281554
28/10/2023,Wolverhampton Wanderers,Newcastle United,2,2,0.863393,2.31987
29/10/2023,West Ham,Everton,0,1,0.618578,0.733813
29/10/2023,Aston Villa,Luton,3,1,3.07654,0.453117
29/10/2023,Brighton,Fulham,1,1,1.31996,0.552523
29/10/2023,Liverpool,Nottingham Forest,3,0,2.70428,0.642014
29/10/2023,Manchester United,Manchester City,0,3,0.714628,4.54595
04/11/2023,Newcastle United,Arsenal,1,0,1.12355,0.535473
04/11/2023,Sheffield United,Wolverhampton Wanderers,2,1,1.10165,1.14803
04/11/2023,Everton,Brighton,1,1,0.617607,0.442489
04/11/2023,Manchester City,Bournemouth,6,1,2.39949,0.643127
04/11/2023,Brentford,West Ham,3,2,1.82944,1.75505
04/11/2023,Fulham,Manchester United,0,1,1.18241,0.697095
04/11/2023,Burnley,Crystal Palace,0,2,1.4998,1.43653
05/11/2023,Nottingham Forest,Aston Villa,2,0,0.592447,1.33116
05/11/2023,Luton,Liverpool,1,1,1.3411,3.03925
06/11/2023,Tottenham,Chelsea,1,4,0.959108,4.05865
11/11/2023,Wolverhampton Wanderers,Tottenham,2,1,1.90884,0.432315
11/11/2023,Arsenal,Burnley,3,1,2.63194,0.327706
11/11/2023,Crystal Palace,Everton,2,3,1.89194,1.7904
11/11/2023,Manchester United,Luton,1,0,2.74105,0.408265
11/11/2023,Bournemouth,Newcastle United,2,0,2.78424,0.306141
12/11/2023,West Ham,Nottingham Forest,3,2,2.06402,1.42128
12/11/2023,Aston Villa,Fulham,3,1,2.86039,0.648745
12/11/2023,Brighton,Sheffield United,1,1,1.08601,0.84434
12/11/2023,Liverpool,Brentford,3,0,1.56004,1.44954
12/11/2023,Chelsea,Manchester City,4,4,3.47238,3.19324
25/11/2023,Sheffield United,Bournemouth,1,3,0.816227,3.13975
25/11/2023,Brentford,Arsenal,0,1,1.66315,1.82699
25/11/2023,Nottingham Forest,Brighton,2,3,2.22655,1.21792
25/11/2023,Newcastle United,Chelsea,4,1,2.15227,0.968061
25/11/2023,Luton,Crystal Palace,2,1,0.996153,1.83546
25/11/2023,Burnley,West Ham,1,2,1.44228,1.36963
25/11/2023,Manchester City,Liverpool,1,1,1.79622,0.766278
26/11/2023,Tottenham,Aston Villa,1,2,2.22542,2.39755
26/11/2023,Everton,Manchester United,0,3,2.49764,2.07334
27/11/2023,Fulham,Wolverhampton Wanderers,3,2,2.49057,1.57875
02/12/2023,Newcastle United,Manchester United,1,0,2.90191,0.422674
02/12/2023,Nottingham Forest,Everton,0,1,0.673085,0.623789
02/12/2023,Burnley,Sheffield United,5,0,2.60469,0.618131
02/12/2023,Brentford,Luton,3,1,3.25952,0.227176
02/12/2023,Arsenal,Wolverhampton Wanderers,2,1,3.30368,1.07886
03/12/2023,Bournemouth,Aston Villa,2,2,2.54937,0.89511
03/12/2023,Chelsea,Brighton,3,2,1.66304,0.855058
03/12/2023,Liverpool,Fulham,4,3,2.72831,1.51005
03/12/2023,West Ham,Crystal Palace,1,1,1.1466,0.987682
03/12/2023,Manchester City,Tottenham,3,3,2.90729,0.433077
05/12/2023,Luton,Arsenal,3,4,0.526254,2.58815
05/12/2023,Wolverhampton Wanderers,Burnley,1,0,1.11886,0.781542
06/12/2023,Brighton,Brentford,2,1,1.54099,1.22007
06/12/2023,Fulham,Nottingham Forest,5,0,3.09427,0.218659
06/12/2023,Sheffield United,Liverpool,0,2,0.834172,1.80116
06/12/2023,Crystal Palace,Bournemouth,0,2,1.26441,1.79997
06/12/2023,Aston Villa,Manchester City,1,0,2.1922,1.00198
06/12/2023,Manchester United,Chelsea,2,1,4.03949,2.3512
07/12/2023,Everton,Newcastle United,3,0,2.95393,1.29564
07/12/2023,Tottenham,West Ham,1,2,1.61268,1.7409
09/12/2023,Crystal Palace,Liverpool,1,2,1.79152,1.3708
09/12/2023,Brighton,Burnley,1,1,2.96247,1.05162
09/12/2023,Manchester United,Bournemouth,0,3,1.11296,1.9742
09/12/2023,Sheffield United,Brentford,1,0,0.841976,0.644638
09/12/2023,Wolverhampton Wanderers,Nottingham Forest,1,1,1.02199,1.21801
09/12/2023,Aston Villa,Arsenal,1,0,0.628499,1.71667
10/12/2023,Tottenham,Newcastle United,4,1,4.40118,1.61368
10/12/2023,Luton,Manchester City,1,2,0.689037,2.23353
10/12/2023,Everton,Chelsea,2,0,1.11437,0.885512
10/12/2023,Fulham,West Ham,5,0,2.1884,0.983
15/12/2023,Nottingham Forest,Tottenham,0,2,1.70569,1.60738
16/12/2023,Chelsea,Sheffield United,2,0,3.27322,0.44014
16/12/2023,Manchester City,Crystal Palace,2,2,2.41646,1.64977
16/12/2023,Newcastle United,Fulham,3,0,4.27933,0.471042
16/12/2023,Burnley,Everton,0,2,0.811435,2.22305
17/12/2023,Arsenal,Brighton,2,0,2.76976,0.663054
17/12/2023,Brentford,Aston Villa,1,2,0.796812,1.4664
17/12/2023,West Ham,Wolverhampton Wanderers,3,0,1.03828,0.556206
17/12/2023,Liverpool,Manchester United,0,0,1.97111,0.632715
21/12/2023,Crystal Palace,Brighton,1,1,1.65409,1.33653
22/12/2023,Aston Villa,Sheffield United,1,1,1.21861,0.646159
23/12/2023,Nottingham Forest,Bournemouth,2,3,0.791806,1.89067
23/12/2023,Liverpool,Arsenal,1,1,0.982901,0.851681
23/12/2023,Tottenham,Everton,2,1,1.57527,1.98385
23/12/2023,Luton,Newcastle United,1,0,1.81844,1.41488
23/12/2023,Fulham,Burnley,0,2,1.38096,0.41714
23/12/2023,West Ham,Manchester United,2,0,1.51468,0.730496
24/12/2023,Wolverhampton Wanderers,Chelsea,2,1,1.74626,1.75447
26/12/2023,Newcastle United,Nottingham Forest,1,3,2.79106,3.1074
26/12/2023,Bournemouth,Fulham,3,0,2.07911,0.324365
26/12/2023,Sheffield United,Luton,2,3,3.61788,0.715575
26/12/2023,Burnley,Liverpool,0,2,0.972389,1.68451
26/12/2023,Manchester United,Aston Villa,3,2,1.20104,1.83637
27/12/2023,Brentford,Wolverhampton Wanderers,1,4,2.59347,1.89483
27/12/2023,Chelsea,Crystal Palace,2,1,2.73005,0.958077
27/12/2023,Everton,Manchester City,1,3,1.23529,2.28321
28/12/2023,Brighton,Tottenham,4,2,3.84702,2.06955
28/12/2023,Arsenal,West Ham,0,2,2.7884,1.59711
30/12/2023,Wolverhampton Wanderers,Everton,3,0,2.64477,0.519641
30/12/2023,Manchester City,Sheffield United,2,0,2.24229,0.263211
30/12/2023,Nottingham Forest,Manchester United,2,1,0.744348,0.651905
30/12/2023,Aston Villa,Burnley,3,2,2.92587,1.11923
30/12/2023,Luton,Chelsea,2,3,2.64093,1.57463
30/12/2023,Crystal Palace,Brentford,3,1,1.61057,1.28731
31/12/2023,Tottenham,Bournemouth,3,1,2.15027,1.58229
31/12/2023,Fulham,Arsenal,2,1,1.52829,1.6591
01/01/2024,Liverpool,Newcastle United,4,2,6.67151,0.910974
02/01/2024,West Ham,Brighton,0,0,0.9831,2.1552
12/01/2024,Burnley,Luton,1,1,1.52023,0.965167
13/01/2024,Chelsea,Fulham,1,0,2.0456,0.697847
13/01/2024,Newcastle United,Manchester City,2,3,1.23638,2.55452
14/01/2024,Everton,Aston Villa,0,0,1.03664,1.3435
14/01/2024,Manchester United,Tottenham,2,2,0.923233,1.31224
20/01/2024,Brentford,Nottingham Forest,3,2,1.94219,1.22251
20/01/2024,Arsenal,Crystal Palace,5,0,3.52167,0.288083
21/01/2024,Sheffield United,West Ham,2,2,2.61362,2.4241
21/01/2024,Bournemouth,Liverpool,0,4,0.834585,1.53344
22/01/2024,Brighton,Wolverhampton Wanderers,0,0,1.3701,1.14116
30/01/2024,Aston Villa,Newcastle United,1,3,1.44485,3.3224
30/01/2024,Nottingham Forest,Arsenal,1,2,0.631618,1.39143
30/01/2024,Fulham,Everton,0,0,2.37499,2.83317
30/01/2024,Luton,Brighton,4,0,3.63312,1.01366
30/01/2024,Crystal Palace,Sheffield United,3,2,1.1601,0.768467
31/01/2024,Liverpool,Chelsea,4,1,3.6627,0.477972
31/01/2024,Tottenham,Brentford,3,2,3.36194,1.59637
31/01/2024,Manchester City,Burnley,3,1,1.84756,1.49114
01/02/2024,West Ham,Bournemouth,1,1,1.3128,1.13487
01/02/2024,Wolverhampton Wanderers,Manchester United,3,4,2.27609,3.22698
03/02/2024,Everton,Tottenham,2,2,3.25881,0.922371
03/02/2024,Brighton,Crystal Palace,4,1,1.92591,0.241137
03/02/2024,Burnley,Fulham,2,2,1.00428,1.28806
03/02/2024,Newcastle United,Luton,4,4,2.37353,2.67463
03/02/2024,Sheffield United,Aston Villa,0,5,1.52784,2.99015
04/02/2024,Bournemouth,Nottingham Forest,1,1,1.1895,0.456548
04/02/2024,Chelsea,Wolverhampton Wanderers,2,4,2.35967,2.48996
04/02/2024,Manchester United,West Ham,3,0,0.96721,1.1807
04/02/2024,Arsenal,Liverpool,3,1,2.8526,0.542052
05/02/2024,Brentford,Manchester City,1,3,0.865741,2.10785
10/02/2024,Wolverhampton Wanderers,Brentford,0,2,1.05781,1.84908
10/02/2024,Nottingham Forest,Newcastle United,2,3,0.968075,0.511375
10/02/2024,Tottenham,Brighton,2,1,2.10928,1.49285
10/02/2024,Manchester City,Everton,2,0,1.58971,0.192072
10/02/2024,Liverpool,Burnley,3,1,3.14734,1.11123
10/02/2024,Fulham,Bournemouth,3,1,1.7456,2.60612
10/02/2024,Luton,Sheffield United,1,3,1.76215,1.98283
11/02/2024,West Ham,Arsenal,0,6,0.191065,3.99893
11/02/2024,Aston Villa,Manchester United,1,2,2.64675,2.44591
12/02/2024,Crystal Palace,Chelsea,1,3,0.719516,1.26948
17/02/2024,Brentford,Liverpool,1,4,1.69518,3.08952
17/02/2024,Burnley,Arsenal,0,5,0.335143,2.20575
17/02/2024,Fulham,Aston Villa,1,2,1.41796,1.57297
17/02/2024,Newcastle United,Bournemouth,2,2,2.38425,2.08098
17/02/2024,Nottingham Forest,West Ham,2,0,2.66942,0.520016
17/02/2024,Tottenham,Wolverhampton Wanderers,1,2,1.59768,1.77591
17/02/2024,Manchester City,Chelsea,1,1,2.77713,1.82903
18/02/2024,Luton,Manchester United,1,2,1.57234,3.58973
18/02/2024,Sheffield United,Brighton,0,5,0.586214,3.35549
19/02/2024,Everton,Crystal Palace,1,1,2.44588,0.734685
20/02/2024,Manchester City,Brentford,1,0,2.53766,0.503799
21/02/2024,Liverpool,Luton,4,1,3.70302,0.956512
24/02/2024,Aston Villa,Nottingham Forest,4,2,3.48861,2.25569
24/02/2024,Brighton,Everton,1,1,1.6538,0.286655
24/02/2024,Crystal Palace,Burnley,3,0,2.41612,0.0760216
24/02/2024,Manchester United,Fulham,1,2,1.96036,1.1385
24/02/2024,Bournemouth,Manchester City,0,1,0.925889,1.79636
24/02/2024,Arsenal,Newcastle United,4,1,2.59336,0.217373
25/02/2024,Wolverhampton Wanderers,Sheffield United,1,0,1.21618,0.654342
26/02/2024,West Ham,Brentford,4,2,2.06873,1.33683
02/03/2024,Nottingham Forest,Liverpool,0,1,0.971466,1.32259
02/03/2024,Luton,Aston Villa,2,3,2.43312,2.08586
02/03/2024,Newcastle United,Wolverhampton Wanderers,3,0,3.33495,0.507769
02/03/2024,Tottenham,Crystal Palace,3,1,2.6625,0.277887
02/03/2024,Everton,West Ham,1,3,3.12075,2.17948
02/03/2024,Fulham,Brighton,3,0,1.37604,1.15198
02/03/2024,Brentford,Chelsea,2,2,2.4732,2.1523
03/03/2024,Burnley,Bournemouth,0,2,1.60461,1.43616
03/03/2024,Manchester City,Manchester United,3,1,2.64173,0.153764
04/03/2024,Sheffield United,Arsenal,0,6,0.201374,2.47294
09/03/2024,Manchester United,Everton,2,0,2.9016,1.8214
09/03/2024,Bournemouth,Sheffield United,2,2,3.92657,1.91752
09/03/2024,Crystal Palace,Luton,1,1,3.25103,1.08531
09/03/2024,Wolverhampton Wanderers,Fulham,2,1,1.29589,2.94155
09/03/2024,Arsenal,Brentford,2,1,1.59369,0.733239
10/03/2024,Aston Villa,Tottenham,0,4,1.23267,2.25381
10/03/2024,Brighton,Nottingham Forest,1,0,0.534518,0.687034
10/03/2024,West Ham,Burnley,2,2,1.87414,0.88131
10/03/2024,Liverpool,Manchester City,1,1,2.25492,1.37289
11/03/2024,Chelsea,Newcastle United,3,2,1.78315,0.568435
13/03/2024,Bournemouth,Luton,4,3,2.84403,2.79419
16/03/2024,Burnley,Brentford,2,1,2.69776,1.25123
16/03/2024,Luton,Nottingham Forest,1,1,0.853782,1.95268
16/03/2024,Fulham,Tottenham,3,0,2.47234,2.14564
17/03/2024,West Ham,Aston Villa,1,1,1.32829,0.911274
30/03/2024,Newcastle United,West Ham,4,3,3.80922,0.994584
30/03/2024,Bournemouth,Everton,2,1,1.39268,0.93378
30/03/2024,Chelsea,Burnley,2,2,4.46643,2.10422
30/03/2024,Nottingham Forest,Crystal Palace,1,1,0.784652,0.900972
30/03/2024,Sheffield United,Fulham,3,3,1.78824,1.10254
30/03/2024,Tottenham,Luton,2,1,2.46523,0.402402
30/03/2024,Aston Villa,Wolverhampton Wanderers,2,0,1.28271,1.66232
30/03/2024,Brentford,Manchester United,1,1,3.16487,0.989565
31/03/2024,Liverpool,Brighton,2,1,3.21149,0.43922
31/03/2024,Manchester City,Arsenal,0,0,1.22009,0.511402
02/04/2024,West Ham,Tottenham,1,1,1.47017,1.39423
02/04/2024,Bournemouth,Crystal Palace,1,0,1.30969,0.174389
02/04/2024,Burnley,Wolverhampton Wanderers,1,1,1.12581,1.01021
02/04/2024,Nottingham Forest,Fulham,3,1,1.94619,1.04304
02/04/2024,Newcastle United,Everton,1,1,2.65009,1.69834
03/04/2024,Arsenal,Luton,2,0,1.14384,0.292082
03/04/2024,Brentford,Brighton,0,0,0.423299,1.22404
03/04/2024,Manchester City,Aston Villa,4,1,3.87704,1.18643
04/04/2024,Liverpool,Sheffield United,3,1,2.51772,0.720948
04/04/2024,Chelsea,Manchester United,4,3,3.48048,1.56686
06/04/2024,Brighton,Arsenal,0,3,0.428514,4.16518
06/04/2024,Wolverhampton Wanderers,West Ham,1,2,1.78341,1.14133
06/04/2024,Luton,Bournemouth,2,1,1.30478,0.616108
06/04/2024,Everton,Burnley,1,0,0.659844,0.34699
06/04/2024,Aston Villa,Brentford,3,3,1.16333,1.42064
06/04/2024,Crystal Palace,Manchester City,2,4,1.49472,2.26381
06/04/2024,Fulham,Newcastle United,0,1,0.834564,1.18012
07/04/2024,Manchester United,Liverpool,2,2,0.814509,4.43457
07/04/2024,Sheffield United,Chelsea,2,2,1.74265,0.521789
07/04/2024,Tottenham,Nottingham Forest,3,1,1.61978,2.00122
13/04/2024,Nottingham Forest,Wolverhampton Wanderers,2,2,1.76244,1.45688
13/04/2024,Bournemouth,Manchester United,2,2,2.38519,1.52274
13/04/2024,Manchester City,Luton,5,1,4.64245,0.809775
13/04/2024,Newcastle United,Tottenham,4,0,3.1483,0.737596
13/04/2024,Brentford,Sheffield United,2,0,1.09071,0.834498
13/04/2024,Burnley,Brighton,1,1,1.8522,0.889445
14/04/2024,Liverpool,Crystal Palace,0,1,3.04497,2.12879
14/04/2024,West Ham,Fulham,0,2,1.45307,3.61413
14/04/2024,Arsenal,Aston Villa,0,2,1.89003,0.929049
15/04/2024,Chelsea,Everton,6,0,3.37093,1.21791
20/04/2024,Luton,Brentford,1,5,0.497799,3.7809
20/04/2024,Sheffield United,Burnley,1,4,1.97816,2.42338
20/04/2024,Wolverhampton Wanderers,Arsenal,0,2,0.164516,1.66179
21/04/2024,Everton,Nottingham Forest,2,0,0.473233,1.18916
21/04/2024,Aston Villa,Bournemouth,3,1,2.62687,2.05211
21/04/2024,Crystal Palace,West Ham,5,2,3.7185,1.34536
21/04/2024,Fulham,Liverpool,1,3,0.83885,1.02445
23/04/2024,Arsenal,Chelsea,5,0,3.45858,1.60343
24/04/2024,Everton,Liverpool,2,0,1.89111,1.87155
24/04/2024,Manchester United,Sheffield United,4,2,3.51311,1.20517
24/04/2024,Wolverhampton Wanderers,Bournemouth,0,1,0.484454,2.40311
24/04/2024,Crystal Palace,Newcastle United,2,0,1.43661,0.55129
25/04/2024,Brighton,Manchester City,0,4,0.572021,1.90507
27/04/2024,West Ham,Liverpool,2,2,0.794025,2.29298
27/04/2024,Fulham,Crystal Palace,1,1,1.39418,1.05387
27/04/2024,Manchester United,Burnley,1,1,3.06197,1.89591
27/04/2024,Newcastle United,Sheffield United,5,1,2.93477,1.82408
27/04/2024,Wolverhampton Wanderers,Luton,2,1,1.49011,0.90435
27/04/2024,Everton,Brentford,1,0,1.21399,0.956356
27/04/2024,Aston Villa,Chelsea,2,2,0.612257,1.56401
28/04/2024,Bournemouth,Brighton,3,0,2.48132,1.35682
28/04/2024,Tottenham,Arsenal,2,3,2.60458,1.51469
28/04/2024,Nottingham Forest,Manchester City,0,2,2.17312,0.932063
02/05/2024,Chelsea,Tottenham,2,0,2.22432,1.27064
03/05/2024,Luton,Everton,1,1,0.950391,1.22959
04/05/2024,Manchester City,Wolverhampton Wanderers,5,1,4.52542,0.396887
04/05/2024,Sheffield United,Nottingham Forest,1,3,2.48986,1.93818
04/05/2024,Burnley,Newcastle United,1,4,1.28632,4.25643
04/05/2024,Brentford,Fulham,0,0,0.809379,1.45579
04/05/2024,Arsenal,Bournemouth,3,0,3.91372,0.4687
05/05/2024,Brighton,Aston Villa,1,0,2.63566,0.0644055
05/05/2024,Chelsea,West Ham,5,0,4.21838,0.893899
05/05/2024,Liverpool,Tottenham,4,2,3.26222,1.17205
06/05/2024,Crystal Palace,Manchester United,4,0,2.0656,0.341417
11/05/2024,Fulham,Manchester City,0,4,0.0886245,3.15218
11/05/2024,Bournemouth,Brentford,1,2,1.07237,1.92722
11/05/2024,Everton,Sheffield United,1,0,1.82411,0.465523
11/05/2024,Newcastle United,Brighton,1,1,2.45163,1.91556
11/05/2024,Tottenham,Burnley,2,1,3.00238,0.950331
11/05/2024,West Ham,Luton,3,1,3.71009,0.640456
11/05/2024,Wolverhampton Wanderers,Crystal Palace,1,3,1.1561,2.51452
11/05/2024,Nottingham Forest,Chelsea,2,3,2.44569,2.41068
12/05/2024,Manchester United,Arsenal,0,1,0.551669,1.73104
13/05/2024,Aston Villa,Liverpool,3,3,2.71655,1.89968
14/05/2024,Tottenham,Manchester City,0,2,1.84285,2.70331
15/05/2024,Brighton,Chelsea,1,2,1.32423,1.544
15/05/2024,Manchester United,Newcastle United,3,2,1.49706,2.27657
19/05/2024,Arsenal,Everton,2,1,3.2117,0.664904
19/05/2024,Brentford,Newcastle United,2,4,1.70157,3.65044
19/05/2024,Brighton,Manchester United,0,2,1.9717,1.00404
19/05/2024,Burnley,Nottingham Forest,1,2,1.08222,1.57962
19/05/2024,Chelsea,Bournemouth,2,1,1.59771,2.002
19/05/2024,Crystal Palace,Aston Villa,5,0,2.23189,0.598846
19/05/2024,Liverpool,Wolverhampton Wanderers,2,0,5.65937,0.731254
19/05/2024,Luton,Fulham,2,4,2.06743,1.11598
19/05/2024,Manchester City,West Ham,3,1,2.31504,0.240159
19/05/2024,Sheffield United,Tottenham,0,3,0.697312,3.19675
16/08/2024,Manchester United,Fulham,1,0,2.04268,0.418711
17/08/2024,West Ham,Aston Villa,1,2,2.8047,2.6703
17/08/2024,Newcastle United,Southampton,1,0,0.433489,1.95483
17/08/2024,Nottingham Forest,Bournemouth,1,1,1.24405,1.90915
17/08/2024,Arsenal,Wolverhampton Wanderers,2,0,1.6283,0.575835
17/08/2024,Ipswich,Liverpool,0,2,0.342601,3.92906
17/08/2024,Everton,Brighton,0,3,0.405325,1.79083
18/08/2024,Brentford,Crystal Palace,2,1,1.38064,1.14757
18/08/2024,Chelsea,Manchester City,0,2,1.06123,1.18038
19/08/2024,Leicester,Tottenham,1,1,1.02614,1.40775
24/08/2024,Aston Villa,Arsenal,0,2,1.31664,1.41399
24/08/2024,Tottenham,Everton,4,0,2.61143,0.648869
24/08/2024,Southampton,Nottingham Forest,0,1,0.214952,2.86475
24/08/2024,Manchester City,Ipswich,4,1,3.07818,0.479999
24/08/2024,Crystal Palace,West Ham,0,2,1.3761,1.53421
24/08/2024,Brighton,Manchester United,2,1,2.14153,1.28556
24/08/2024,Fulham,Leicester,2,1,1.96218,0.857005
25/08/2024,Wolverhampton Wanderers,Chelsea,2,6,2.4181,2.02935
25/08/2024,Bournemouth,Newcastle United,1,1,2.53513,1.89287
25/08/2024,Liverpool,Brentford,2,0,2.71877,0.457239
31/08/2024,Leicester,Aston Villa,1,2,0.774741,2.16385
31/08/2024,Nottingham Forest,Wolverhampton Wanderers,1,1,1.41069,0.937632
31/08/2024,West Ham,Manchester City,1,3,0.947201,3.19297
31/08/2024,Everton,Bournemouth,2,3,2.55629,2.95688
31/08/2024,Brentford,Southampton,3,1,3.86281,1.64713
31/08/2024,Arsenal,Brighton,1,1,2.41798,1.81748
31/08/2024,Ipswich,Fulham,1,1,0.707048,1.18883
01/09/2024,Newcastle United,Tottenham,2,1,1.58694,1.63304
01/09/2024,Chelsea,Crystal Palace,1,1,2.97743,0.459708
01/09/2024,Manchester United,Liverpool,0,3,1.50087,2.10397
14/09/2024,Bournemouth,Chelsea,0,1,1.53731,0.932726
14/09/2024,Aston Villa,Everton,3,2,3.15876,0.852158
14/09/2024,Manchester City,Brentford,2,1,1.55279,1.05094
14/09/2024,Crystal Palace,Leicester,2,2,2.88716,1.65187
14/09/2024,Liverpool,Nottingham Forest,0,1,1.17044,0.589532
14/09/2024,Fulham,West Ham,1,1,2.88601,0.682719
14/09/2024,Brighton,Ipswich,0,0,1.75696,0.721323
14/09/2024,Southampton,Manchester United,0,3,1.35593,3.02693
15/09/2024,Tottenham,Arsenal,0,1,0.792595,1.1209
15/09/2024,Wolverhampton Wanderers,Newcastle United,1,2,1.46969,1.48343
21/09/2024,Crystal Palace,Manchester United,0,0,1.66928,2.35056
21/09/2024,Tottenham,Brentford,3,1,3.89481,0.893565
21/09/2024,Aston Villa,Wolverhampton Wanderers,3,1,2.37351,0.520117
21/09/2024,Fulham,Newcastle United,3,1,3.21141,1.09768
21/09/2024,West Ham,Chelsea,0,3,0.758267,2.39727
21/09/2024,Leicester,Everton,1,1,1.33793,1.82377
21/09/2024,Southampton,Ipswich,1,1,2.89813,1.645
21/09/2024,Liverpool,Bournemouth,3,0,2.43731,1.46979
22/09/2024,Brighton,Nottingham Forest,2,2,1.56836,1.36923
22/09/2024,Manchester City,Arsenal,2,2,2.75588,1.28411
28/09/2024,Chelsea,Brighton,4,2,3.65839,1.20712
28/09/2024,Newcastle United,Manchester City,1,1,1.34344,1.26516
28/09/2024,Nottingham Forest,Fulham,0,1,0.614351,1.43592
28/09/2024,Everton,Crystal Palace,2,1,1.10959,1.12358
28/09/2024,Arsenal,Leicester,4,2,6.05305,0.337909
28/09/2024,Brentford,West Ham,1,1,0.370222,0.878617
28/09/2024,Wolverhampton Wanderers,Liverpool,1,2,0.748925,2.11724
29/09/2024,Manchester United,Tottenham,0,3,0.600721,5.4072
29/09/2024,Ipswich,Aston Villa,2,2,1.84608,1.14494
30/09/2024,Bournemouth,Southampton,3,1,1.44215,0.696068
05/10/2024,Crystal Palace,Liverpool,0,1,0.609481,2.07332
05/10/2024,Leicester,Bournemouth,1,0,0.912063,1.94963
05/10/2024,Manchester City,Fulham,3,2,1.36684,2.75846
05/10/2024,West Ham,Ipswich,4,1,4.39402,1.18463
05/10/2024,Arsenal,Southampton,3,1,3.25165,1.27313
05/10/2024,Brentford,Wolverhampton Wanderers,5,3,4.13513,0.696254
05/10/2024,Everton,Newcastle United,0,0,0.692214,1.79048
06/10/2024,Chelsea,Nottingham Forest,1,1,2.27752,1.66654
06/10/2024,Aston Villa,Manchester United,0,0,0.532809,0.448537
06/10/2024,Brighton,Tottenham,3,2,1.97217,1.09279
19/10/2024,Southampton,Leicester,2,3,2.42776,2.83826
19/10/2024,Bournemouth,Arsenal,2,0,2.18419,0.740758
19/10/2024,Newcastle United,Brighton,0,1,1.93657,1.6779
19/10/2024,Manchester United,Brentford,2,1,1.76555,0.892843
19/10/2024,Ipswich,Everton,0,2,1.174,1.60804
19/10/2024,Fulham,Aston Villa,1,3,2.63074,1.43595
19/10/2024,Tottenham,West Ham,4,1,1.44052,0.858803
20/10/2024,Wolverhampton Wanderers,Manchester City,1,2,0.761217,1.36569
20/10/2024,Liverpool,Chelsea,2,1,2.22517,1.33904
21/10/2024,Nottingham Forest,Crystal Palace,1,0,1.88573,0.835001
25/10/2024,Leicester,Nottingham Forest,1,3,0.832415,2.54488
26/10/2024,Manchester City,Southampton,1,0,3.16286,0.369989
26/10/2024,Aston Villa,Bournemouth,1,1,1.974,0.328651
26/10/2024,Brentford,Ipswich,4,3,4.09663,1.65698
26/10/2024,Brighton,Wolverhampton Wanderers,2,2,1.51347,1.11074
26/10/2024,Everton,Fulham,1,1,0.884845,1.49531
27/10/2024,Chelsea,Newcastle United,2,1,1.61794,1.74225
27/10/2024,Crystal Palace,Tottenham,1,0,0.978611,1.0192
27/10/2024,West Ham,Manchester United,2,1,2.99312,2.62598
27/10/2024,Arsenal,Liverpool,2,2,1.0883,1.35346
02/11/2024,Southampton,Everton,1,0,0.540345,1.78581
02/11/2024,Wolverhampton Wanderers,Crystal Palace,2,2,1.65018,2.64849
02/11/2024,Nottingham Forest,West Ham,3,0,2.35011,0.132317
02/11/2024,Newcastle United,Arsenal,1,0,0.859715,0.911305
02/11/2024,Ipswich,Leicester,1,1,1.33617,2.33858
02/11/2024,Bournemouth,Manchester City,2,1,2.4493,2.3527
02/11/2024,Liverpool,Brighton,2,1,1.81037,1.01568
03/11/2024,Tottenham,Aston Villa,4,1,2.09751,2.48749
03/11/2024,Manchester United,Chelsea,1,1,2.1605,1.21071
04/11/2024,Fulham,Brentford,2,1,1.43017,0.739231
09/11/2024,Liverpool,Aston Villa,2,0,2.68196,1.66337
09/11/2024,Brighton,Manchester City,2,1,2.87116,2.60334
09/11/2024,Wolverhampton Wanderers,Southampton,2,0,0.912781,0.792655
09/11/2024,Crystal Palace,Fulham,0,2,1.96037,2.25331
09/11/2024,Brentford,Bournemouth,3,2,1.56474,2.49234
09/11/2024,West Ham,Everton,0,0,1.1237,0.865983
10/11/2024,Nottingham Forest,Newcastle United,1,3,1.17852,1.86904
10/11/2024,Manchester United,Leicester,3,0,1.2369,0.417295
10/11/2024,Tottenham,Ipswich,1,2,1.75088,2.18392
10/11/2024,Chelsea,Arsenal,1,1,1.24067,1.9605
23/11/2024,Fulham,Wolverhampton Wanderers,1,4,0.717158,1.33903
23/11/2024,Manchester City,Tottenham,0,4,2.15899,3.30449
23/11/2024,Aston Villa,Crystal Palace,2,2,3.04455,1.61437
23/11/2024,Leicester,Chelsea,1,2,0.967987,2.81658
23/11/2024,Arsenal,Nottingham Forest,3,0,1.66016,0.403136
23/11/2024,Bournemouth,Brighton,1,2,1.91157,1.23059
23/11/2024,Everton,Brentford,0,0,1.5951,1.34314
24/11/2024,Southampton,Liverpool,2,3,1.53985,3.18835
24/11/2024,Ipswich,Manchester United,1,1,1.98714,1.26912
25/11/2024,Newcastle United,West Ham,0,2,1.49781,0.942824
29/11/2024,Brighton,Southampton,1,1,1.86986,0.934969
30/11/2024,Brentford,Leicester,4,1,2.21885,0.907555
30/11/2024,Crystal Palace,Newcastle United,1,1,2.29595,0.020989
30/11/2024,Nottingham Forest,Ipswich,1,0,1.76587,0.462771
30/11/2024,Wolverhampton Wanderers,Bournemouth,2,4,0.866034,3.07901
30/11/2024,West Ham,Arsenal,2,5,1.23539,3.99935
01/12/2024,Liverpool,Manchester City,2,0,3.70054,0.745015
01/12/2024,Tottenham,Fulham,1,1,1.01086,1.57274
01/12/2024,Manchester United,Everton,4,0,1.76161,0.766749
01/12/2024,Chelsea,Aston Villa,3,0,1.94939,0.875443
03/12/2024,Ipswich,Crystal Palace,0,1,0.471708,1.65422
03/12/2024,Leicester,West Ham,3,1,2.78061,2.87716
04/12/2024,Arsenal,Manchester United,2,0,2.96684,0.256083
04/12/2024,Southampton,Chelsea,1,5,1.91014,5.8331
04/12/2024,Aston Villa,Brentford,3,1,3.21673,1.13266
04/12/2024,Manchester City,Nottingham Forest,3,0,3.20169,0.802155
04/12/2024,Everton,Wolverhampton Wanderers,4,0,1.49904,0.847724
04/12/2024,Newcastle United,Liverpool,3,3,1.52057,2.22766
05/12/2024,Fulham,Brighton,3,1,0.666644,1.09939
05/12/2024,Bournemouth,Tottenham,1,0,3.27716,0.623934
07/12/2024,Aston Villa,Southampton,1,0,2.51338,0.385832
07/12/2024,Brentford,Newcastle United,4,2,1.746,1.95645
07/12/2024,Crystal Palace,Manchester City,2,2,1.21476,1.5846
07/12/2024,Manchester United,Nottingham Forest,2,3,1.4697,0.651217
08/12/2024,Tottenham,Chelsea,3,4,3.25488,2.57326
08/12/2024,Leicester,Brighton,2,2,1.42438,1.12184
08/12/2024,Fulham,Arsenal,1,1,0.150988,2.4333
08/12/2024,Ipswich,Bournemouth,1,2,1.5668,3.49127
09/12/2024,West Ham,Wolverhampton Wanderers,2,1,1.19808,1.47567
14/12/2024,Liverpool,Fulham,2,2,2.09698,1.2862
14/12/2024,Arsenal,Everton,0,0,1.30865,0.132166
14/12/2024,Wolverhampton Wanderers,Ipswich,1,2,1.23748,1.73349
14/12/2024,Newcastle United,Leicester,4,0,3.95461,0.186759
14/12/2024,Nottingham Forest,Aston Villa,2,1,2.2861,0.389423
15/12/2024,Brighton,Crystal Palace,1,3,1.32323,3.00618
15/12/2024,Manchester City,Manchester United,1,2,0.638103,2.04662
15/12/2024,Chelsea,Brentford,2,1,2.59146,1.65861
15/12/2024,Southampton,Tottenham,0,5,1.27356,3.89322
16/12/2024,Bournemouth,West Ham,1,1,2.04842,1.81827
21/12/2024,Crystal Palace,Arsenal,1,5,1.6052,3.05434
21/12/2024,West Ham,Brighton,1,1,1.22937,1.34379
21/12/2024,Ipswich,Newcastle United,0,4,1.06427,3.23386
21/12/2024,Brentford,Nottingham Forest,0,2,0.769004,0.964897
21/12/2024,Aston Villa,Manchester City,2,1,2.05988,1.09627
22/12/2024,Fulham,Southampton,0,0,1.25255,0.280031
22/12/2024,Everton,Chelsea,0,0,1.07081,1.51591
22/12/2024,Manchester United,Bournemouth,0,3,2.28533,1.82831
22/12/2024,Leicester,Wolverhampton Wanderers,0,3,0.78868,1.13531
22/12/2024,Tottenham,Liverpool,3,6,1.20245,5.20214
26/12/2024,Liverpool,Leicester,3,1,1.89935,0.22097
26/12/2024,Wolverhampton Wanderers,Manchester United,2,0,0.826489,0.358876
26/12/2024,Southampton,West Ham,0,1,2.19833,1.90111
26/12/2024,Nottingham Forest,Tottenham,1,0,1.30018,1.05758
26/12/2024,Chelsea,Fulham,1,2,1.55626,1.77929
26/12/2024,Bournemouth,Crystal Palace,0,0,1.20189,0.500066
26/12/2024,Manchester City,Everton,1,1,2.51965,0.653289
26/12/2024,Newcastle United,Aston Villa,3,0,2.82867,0.225522
27/12/2024,Brighton,Brentford,0,0,1.33538,0.961233
27/12/2024,Arsenal,Ipswich,1,0,2.16462,0.0783327
29/12/2024,Tottenham,Wolverhampton Wanderers,2,2,2.28433,0.640697
29/12/2024,West Ham,Liverpool,0,5,0.518279,3.29868
29/12/2024,Fulham,Bournemouth,2,2,0.961566,1.70692
29/12/2024,Leicester,Manchester City,0,2,1.84208,1.58002
29/12/2024,Crystal Palace,Southampton,2,1,3.05417,1.21853
29/12/2024,Everton,Nottingham Forest,0,2,0.615191,2.02753
30/12/2024,Aston Villa,Brighton,2,2,1.87997,0.938042
30/12/2024,Ipswich,Chelsea,2,0,1.50093,1.60622
30/12/2024,Manchester United,Newcastle United,0,2,1.00073,2.2424
01/01/2025,Brentford,Arsenal,1,3,0.272604,1.99848
04/01/2025,Tottenham,Newcastle United,1,2,1.00333,2.42963
04/01/2025,Bournemouth,Everton,1,0,2.61852,0.561015
04/01/2025,Aston Villa,Leicester,2,1,2.3456,0.81548
04/01/2025,Crystal Palace,Chelsea,1,1,1.2766,1.51541
04/01/2025,Manchester City,West Ham,4,1,1.97986,1.53286
04/01/2025,Southampton,Brentford,0,5,0.249614,5.54874
04/01/2025,Brighton,Arsenal,1,1,1.76513,1.81142
05/01/2025,Liverpool,Manchester United,2,2,2.862,1.67469
05/01/2025,Fulham,Ipswich,2,2,2.65469,1.4434
06/01/2025,Wolverhampton Wanderers,Nottingham Forest,0,3,1.90463,2.57227
14/01/2025,Brentford,Manchester City,2,2,2.39088,2.65315
14/01/2025,West Ham,Fulham,3,2,0.937322,2.83581
14/01/2025,Chelsea,Bournemouth,2,2,2.53808,1.14845
14/01/2025,Nottingham Forest,Liverpool,1,1,0.5292,2.72291
15/01/2025,Everton,Aston Villa,0,1,1.23126,1.28522
15/01/2025,Leicester,Crystal Palace,0,2,2.09904,2.2647
15/01/2025,Newcastle United,Wolverhampton Wanderers,3,0,2.13327,1.47433
15/01/2025,Arsenal,Tottenham,2,1,2.25501,0.777071
16/01/2025,Ipswich,Brighton,0,2,0.268127,1.06343
16/01/2025,Manchester United,Southampton,3,1,3.10847,1.36705
18/01/2025,West Ham,Crystal Palace,0,2,0.221062,1.62561
18/01/2025,Leicester,Fulham,0,2,0.676934,2.36823
18/01/2025,Arsenal,Aston Villa,2,2,1.64458,1.20602
18/01/2025,Newcastle United,Bournemouth,1,4,0.837801,2.70174
18/01/2025,Brentford,Liverpool,0,2,1.20021,4.16249
19/01/2025,Everton,Tottenham,3,2,2.56089,1.35719
19/01/2025,Manchester United,Brighton,1,3,1.31823,2.17172
19/01/2025,Nottingham Forest,Southampton,3,2,2.36419,1.25922
19/01/2025,Ipswich,Manchester City,0,6,0.795637,3.20228
20/01/2025,Chelsea,Wolverhampton Wanderers,3,1,3.14882,1.06726
25/01/2025,Manchester City,Chelsea,3,1,2.23213,1.49843
25/01/2025,Wolverhampton Wanderers,Arsenal,0,1,0.514724,0.887358
25/01/2025,Southampton,Newcastle United,1,3,0.825621,3.08319
25/01/2025,Brighton,Everton,0,1,0.64378,0.870883
25/01/2025,Bournemouth,Nottingham Forest,5,0,2.8254,0.996166
25/01/2025,Liverpool,Ipswich,4,1,2.16809,0.804707
26/01/2025,Aston Villa,West Ham,1,1,0.907851,1.67886
26/01/2025,Crystal Palace,Brentford,1,2,1.23177,1.92037
26/01/2025,Tottenham,Leicester,1,2,1.27483,1.40469
26/01/2025,Fulham,Manchester United,0,1,0.560571,0.201988
01/02/2025,Newcastle United,Fulham,1,2,1.22716,1.60881
01/02/2025,Wolverhampton Wanderers,Aston Villa,2,0,2.00146,0.742809
01/02/2025,Ipswich,Southampton,1,2,1.94845,1.17566
01/02/2025,Bournemouth,Liverpool,0,2,1.65273,2.7219
01/02/2025,Everton,Leicester,4,0,3.11261,0.447136
01/02/2025,Nottingham Forest,Brighton,7,0,4.0677,0.756296
02/02/2025,Brentford,Tottenham,0,2,1.66475,0.945355
02/02/2025,Manchester United,Crystal Palace,0,2,1.50706,2.44633
02/02/2025,Arsenal,Manchester City,5,1,1.53202,0.743191
03/02/2025,Chelsea,West Ham,2,1,1.39066,1.1868
12/02/2025,Everton,Liverpool,2,2,0.910523,0.929103
14/02/2025,Brighton,Chelsea,3,0,2.06892,0.649788
15/02/2025,Leicester,Arsenal,0,2,0.233209,1.75
15/02/2025,Aston Villa,Ipswich,1,1,2.89841,0.332864
15/02/2025,Fulham,Nottingham Forest,2,1,2.20993,0.331301
15/02/2025,Manchester City,Newcastle United,4,0,2.12004,0.157211
15/02/2025,Southampton,Bournemouth,1,3,0.974418,2.08722
15/02/2025,West Ham,Brentford,0,1,0.673466,1.96499
15/02/2025,Crystal Palace,Everton,1,2,2.30646,1.01565
16/02/2025,Tottenham,Manchester United,1,0,1.97109,1.42652
16/02/2025,Liverpool,Wolverhampton Wanderers,2,1,1.86758,1.05329
19/02/2025,Aston Villa,Liverpool,2,2,1.02269,2.04279
21/02/2025,Leicester,Brentford,0,4,0.727901,2.03465
22/02/2025,Southampton,Brighton,0,4,0.154147,5.12018
22/02/2025,Everton,Manchester United,2,2,2.10444,0.645685
22/02/2025,Bournemouth,Wolverhampton Wanderers,0,1,0.629691,2.10124
22/02/2025,Arsenal,West Ham,0,1,1.37264,1.02684
22/02/2025,Fulham,Crystal Palace,0,2,0.23426,1.46203
22/02/2025,Ipswich,Tottenham,1,4,1.15389,1.58741
22/02/2025,Aston Villa,Chelsea,2,1,2.69413,2.17418
23/02/2025,Newcastle United,Nottingham Forest,4,3,3.45858,2.38603
23/02/2025,Manchester City,Liverpool,0,2,0.58248,0.807058
25/02/2025,Brighton,Bournemouth,2,1,2.57927,1.70169
25/02/2025,Wolverhampton Wanderers,Fulham,1,2,0.928973,1.43473
25/02/2025,Crystal Palace,Aston Villa,4,1,4.02522,0.667217
25/02/2025,Chelsea,Southampton,4,0,2.98234,0.845039
26/02/2025,Liverpool,Newcastle United,2,0,1.40027,0.45882
26/02/2025,Manchester United,Ipswich,3,2,1.40202,1.04498
26/02/2025,Nottingham Forest,Arsenal,0,0,0.508611,1.31766
26/02/2025,Brentford,Everton,1,1,1.34009,1.44955
26/02/2025,Tottenham,Manchester City,0,1,1.28426,2.38641
27/02/2025,West Ham,Leicester,2,0,1.70437,0.289578
08/03/2025,Nottingham Forest,Manchester City,1,0,0.501476,0.721234
08/03/2025,Brighton,Fulham,2,1,1.94417,0.708227
08/03/2025,Crystal Palace,Ipswich,1,0,3.13879,1.63282
08/03/2025,Liverpool,Southampton,3,1,4.98996,0.511566
08/03/2025,Brentford,Aston Villa,0,1,0.637743,1.29638
08/03/2025,Wolverhampton Wanderers,Everton,1,1,0.812432,1.3672
09/03/2025,Chelsea,Leicester,1,0,1.76844,0.108487
09/03/2025,Tottenham,Bournemouth,2,2,1.35053,2.22536
09/03/2025,Manchester United,Arsenal,1,1,1.31107,1.82996
10/03/2025,West Ham,Newcastle United,0,1,0.823986,1.62976
15/03/2025,Southampton,Wolverhampton Wanderers,1,2,1.2821,0.540718
15/03/2025,Bournemouth,Brentford,1,2,2.02714,1.60321
15/03/2025,Ipswich,Nottingham Forest,2,4,0.520839,1.30722
15/03/2025,Everton,West Ham,1,1,1.189,0.516029
15/03/2025,Manchester City,Brighton,2,2,2.02642,2.11119
16/03/2025,Arsenal,Chelsea,1,0,0.695725,0.286036
16/03/2025,Fulham,Tottenham,2,0,1.03966,1.40865
16/03/2025,Leicester,Manchester United,0,3,1.30455,1.13892
01/04/2025,Arsenal,Fulham,2,1,2.30189,1.44206
01/04/2025,Wolverhampton Wanderers,West Ham,1,0,1.10359,1.73057
01/04/2025,Nottingham Forest,Manchester United,1,0,0.512063,1.86688
02/04/2025,Southampton,Crystal Palace,1,1,0.687304,0.93776
02/04/2025,Brighton,Aston Villa,0,3,0.558009,1.20715
02/04/2025,Bournemouth,Ipswich,1,2,1.99637,1.41263
02/04/2025,Manchester City,Leicester,2,0,2.07165,0.104741
02/04/2025,Newcastle United,Brentford,2,1,2.26584,1.53201
02/04/2025,Liverpool,Everton,1,0,1.29718,0.823136
03/04/2025,Chelsea,Tottenham,1,0,1.30443,1.40274
05/04/2025,Aston Villa,Nottingham Forest,2,1,2.63349,0.96769
05/04/2025,West Ham,Bournemouth,2,2,0.907832,1.94869
05/04/2025,Crystal Palace,Brighton,2,1,0.443965,1.27226
05/04/2025,Everton,Arsenal,1,1,1.22875,1.4031
05/04/2025,Ipswich,Wolverhampton Wanderers,1,2,0.872356,2.8096
06/04/2025,Brentford,Chelsea,0,0,1.36123,1.47829
06/04/2025,Fulham,Liverpool,3,2,1.72764,1.40638
06/04/2025,Tottenham,Southampton,3,1,2.648,0.780439
06/04/2025,Manchester United,Manchester City,0,0,1.23317,0.687894
07/04/2025,Leicester,Newcastle United,0,3,0.354575,3.44111
12/04/2025,Manchester City,Crystal Palace,5,2,4.59724,1.33808
12/04/2025,Brighton,Leicester,2,2,3.6978,1.98444
12/04/2025,Nottingham Forest,Everton,0,1,0.423949,1.26036
12/04/2025,Southampton,Aston Villa,0,3,0.412256,2.99927
12/04/2025,Arsenal,Brentford,1,1,0.767369,0.588583
13/04/2025,Wolverhampton Wanderers,Tottenham,4,2,2.22977,1.62887
13/04/2025,Newcastle United,Manchester United,4,1,2.6383,0.786568
13/04/2025,Chelsea,Ipswich,2,2,2.90758,1.60301
13/04/2025,Liverpool,West Ham,2,1,1.42902,1.46598
14/04/2025,Bournemouth,Fulham,1,0,1.8577,1.07203
16/04/2025,Newcastle United,Crystal Palace,5,0,2.32947,2.37548
19/04/2025,West Ham,Southampton,1,1,0.98423,0.922877
19/04/2025,Everton,Manchester City,0,2,0.81683,1.87989
19/04/2025,Aston Villa,Newcastle United,4,1,3.05371,1.27176
19/04/2025,Brentford,Brighton,4,2,2.95516,1.24107
19/04/2025,Crystal Palace,Bournemouth,0,0,0.337818,0.664093
20/04/2025,Fulham,Chelsea,1,2,0.306122,0.75172
20/04/2025,Ipswich,Arsenal,0,4,0.192879,2.81362
20/04/2025,Manchester United,Wolverhampton Wanderers,0,1,1.13966,0.187814
20/04/2025,Leicester,Liverpool,0,1,0.232205,4.52706
21/04/2025,Tottenham,Nottingham Forest,1,2,2.4024,0.557682
22/04/2025,Manchester City,Aston Villa,2,1,1.36232,1.85906
23/04/2025,Arsenal,Crystal Palace,2,2,1.92149,2.50515
26/04/2025,Wolverhampton Wanderers,Leicester,3,0,2.57666,1.04978
26/04/2025,Southampton,Fulham,1,2,0.935581,1.9956
26/04/2025,Chelsea,Everton,1,0,0.768313,0.916838
26/04/2025,Brighton,West Ham,3,2,1.29433,1.24134
26/04/2025,Newcastle United,Ipswich,3,0,4.11539,0.127203
27/04/2025,Bournemouth,Manchester United,1,1,0.60995,1.91039
27/04/2025,Liverpool,Tottenham,5,1,2.51104,0.512812
01/05/2025,Nottingham Forest,Brentford,0,2,0.670607,1.52054
02/05/2025,Manchester City,Wolverhampton Wanderers,1,0,0.859463,0.622455
03/05/2025,Aston Villa,Fulham,1,0,1.29013,0.702787
03/05/2025,Everton,Ipswich,2,2,0.808481,1.14351
03/05/2025,Leicester,Southampton,2,0,1.60739,0.550774
03/05/2025,Arsenal,Bournemouth,1,2,2.05484,1.41783
04/05/2025,West Ham,Tottenham,1,1,1.15166,0.847022
04/05/2025,Brighton,Newcastle United,1,1,0.687863,1.63777
04/05/2025,Brentford,Manchester United,4,3,3.58737,1.13404
04/05/2025,Chelsea,Liverpool,3,1,3.51944,1.4267
05/05/2025,Crystal Palace,Nottingham Forest,1,1,2.34037,0.63684
10/05/2025,Fulham,Everton,1,3,1.20869,1.32604
10/05/2025,Ipswich,Brentford,0,1,0.717433,1.32077
10/05/2025,Southampton,Manchester City,0,0,0.136995,1.58463
10/05/2025,Wolverhampton Wanderers,Brighton,0,2,0.73395,1.41254
10/05/2025,Bournemouth,Aston Villa,0,1,1.02272,1.12376
11/05/2025,Newcastle United,Chelsea,2,0,1.6703,0.646426
11/05/2025,Manchester United,West Ham,0,2,2.31287,2.15985
11/05/2025,Nottingham Forest,Leicester,2,2,1.76909,1.22949
11/05/2025,Tottenham,Crystal Palace,0,2,0.806792,3.98546
11/05/2025,Liverpool,Arsenal,2,2,2.74682,2.18795
16/05/2025,Aston Villa,Tottenham,2,0,1.69061,0.523016
16/05/2025,Chelsea,Manchester United,1,0,1.29571,0.337632
18/05/2025,Leicester,Ipswich,2,0,0.788544,1.36957
18/05/2025,Brentford,Fulham,2,3,2.43045,1.61741
18/05/2025,Arsenal,Newcastle United,1,0,1.15958,2.24634
18/05/2025,Everton,Southampton,2,0,2.67793,1.05025
18/05/2025,West Ham,Nottingham Forest,1,2,0.850457,2.14756
19/05/2025,Brighton,Liverpool,3,2,2.17789,3.065
20/05/2025,Manchester City,Bournemouth,3,1,1.59779,0.962014
20/05/2025,Crystal Palace,Wolverhampton Wanderers,4,2,1.68451,1.42886
25/05/2025,Bournemouth,Leicester,2,0,2.72449,0.156702
25/05/2025,Nottingham Forest,Chelsea,0,1,1.58014,1.30874
25/05/2025,Newcastle United,Everton,0,1,1.1591,1.07279
25/05/2025,Manchester United,Aston Villa,2,0,2.96259,0.335222
25/05/2025,Liverpool,Crystal Palace,1,1,1.92122,1.4144
25/05/2025,Tottenham,Brighton,1,4,1.85265,3.11624
25/05/2025,Southampton,Arsenal,1,2,0.598144,2.40711
25/05/2025,Wolverhampton Wanderers,Brentford,1,1,1.10889,1.97196
25/05/2025,Ipswich,West Ham,1,3,0.893095,0.967379
25/05/2025,Fulham,Manchester City,0,2,2.21797,2.45923
15/08/2025,Liverpool,Bournemouth,4,2,2.33007,1.57303
15/08/2025,Liverpool,Bournemouth,4,2,2.33007,1.57303
16/08/2025,Sunderland,West Ham,3,0,0.724368,0.558948
16/08/2025,Brighton,Fulham,1,1,1.44008,0.902883
16/08/2025,Wolverhampton Wanderers,Manchester City,0,4,0.519436,2.29903
16/08/2025,Aston Villa,Newcastle United,0,0,0.318601,1.40098
16/08/2025,Tottenham,Burnley,3,0,1.97858,0.734138
16/08/2025,Wolverhampton Wanderers,Manchester City,0,4,0.519436,2.29903
16/08/2025,Tottenham,Burnley,3,0,1.97858,0.734138
16/08/2025,Sunderland,West Ham,3,0,0.724368,0.558948
16/08/2025,Brighton,Fulham,1,1,1.44008,0.902883
16/08/2025,Aston Villa,Newcastle United,0,0,0.318601,1.40098
17/08/2025,Manchester United,Arsenal,0,1,1.37653,1.3304
17/08/2025,Chelsea,Crystal Palace,0,0,1.36793,1.03414
17/08/2025,Chelsea,Crystal Palace,0,0,1.36793,1.03414
17/08/2025,Nottingham Forest,Brentford,3,1,1.7555,1.32516
17/08/2025,Manchester United,Arsenal,0,1,1.37653,1.3304
17/08/2025,Nottingham Forest,Brentford,3,1,1.7555,1.32516
18/08/2025,Leeds,Everton,1,0,2.3812,0.674338
18/08/2025,Leeds,Everton,1,0,2.3812,0.674338
22/08/2025,West Ham,Chelsea,1,5,0.978572,3.94997
22/08/2025,West Ham,Chelsea,1,5,0.978572,3.94997
23/08/2025,Manchester City,Tottenham,0,2,1.2475,1.28015
23/08/2025,Bournemouth,Wolverhampton Wanderers,1,0,1.78462,0.373367
23/08/2025,Burnley,Sunderland,2,0,1.00381,1.12127
23/08/2025,Arsenal,Leeds,5,0,2.73761,0.156761
23/08/2025,Bournemouth,Wolverhampton Wanderers,1,0,1.78462,0.373367
23/08/2025,Arsenal,Leeds,5,0,2.73761,0.156761
23/08/2025,Burnley,Sunderland,2,0,1.00381,1.12127
23/08/2025,Brentford,Aston Villa,1,0,1.12964,0.976852
23/08/2025,Manchester City,Tottenham,0,2,1.2475,1.28015
23/08/2025,Brentford,Aston Villa,1,0,1.12964,0.976852
24/08/2025,Fulham,Manchester United,1,1,1.65333,1.54603
24/08/2025,Everton,Brighton,2,0,1.80116,2.08487
24/08/2025,Fulham,Manchester United,1,1,1.65333,1.54603
24/08/2025,Crystal Palace,Nottingham Forest,1,1,1.10188,1.32987
24/08/2025,Everton,Brighton,2,0,1.80116,2.08487
24/08/2025,Crystal Palace,Nottingham Forest,1,1,1.10188,1.32987
25/08/2025,Newcastle United,Liverpool,2,3,1.96342,0.646559
25/08/2025,Newcastle United,Liverpool,2,3,1.96342,0.646559
30/08/2025,Tottenham,Bournemouth,0,1,0.17067,2.1201
30/08/2025,Manchester United,Burnley,3,2,4.02237,1.32618
30/08/2025,Sunderland,Brentford,2,1,1.57127,1.44604
30/08/2025,Wolverhampton Wanderers,Everton,2,3,0.943257,2.03791
30/08/2025,Tottenham,Bournemouth,0,1,0.17067,2.1201
30/08/2025,Chelsea,Fulham,2,0,2.4324,0.736228
30/08/2025,Leeds,Newcastle United,0,0,0.6773,0.303635
30/08/2025,Manchester United,Burnley,3,2,4.02237,1.32618
30/08/2025,Sunderland,Brentford,2,1,1.57127,1.44604
30/08/2025,Wolverhampton Wanderers,Everton,2,3,0.943257,2.03791
30/08/2025,Chelsea,Fulham,2,0,2.4324,0.736228
30/08/2025,Leeds,Newcastle United,0,0,0.6773,0.303635
31/08/2025,Liverpool,Arsenal,1,0,0.481404,0.485679
31/08/2025,Aston Villa,Crystal Palace,0,3,1.20586,2.59713
31/08/2025,Brighton,Manchester City,2,1,2.20864,2.13418
31/08/2025,Nottingham Forest,West Ham,0,3,0.716018,2.236
31/08/2025,Aston Villa,Crystal Palace,0,3,1.20586,2.59713
31/08/2025,Liverpool,Arsenal,1,0,0.481404,0.485679
31/08/2025,Brighton,Manchester City,2,1,2.20864,2.13418
31/08/2025,Nottingham Forest,West Ham,0,3,0.716018,2.236
13/09/2025,Fulham,Leeds,1,0,1.13979,0.830398
13/09/2025,Arsenal,Nottingham Forest,3,0,2.8817,0.293681
13/09/2025,Newcastle United,Wolverhampton Wanderers,1,0,1.19186,0.375942
13/09/2025,Bournemouth,Brighton,2,1,1.44187,0.624923
13/09/2025,Crystal Palace,Sunderland,0,0,1.75805,0.354129
13/09/2025,West Ham,Tottenham,0,3,0.793248,1.51402
13/09/2025,West Ham,Tottenham,0,3,0.793248,1.51402
13/09/2025,Arsenal,Nottingham Forest,3,0,2.8817,0.293681
13/09/2025,Brentford,Chelsea,2,2,1.17533,0.755999
13/09/2025,Newcastle United,Wolverhampton Wanderers,1,0,1.19186,0.375942
13/09/2025,Bournemouth,Brighton,2,1,1.44187,0.624923
13/09/2025,Crystal Palace,Sunderland,0,0,1.75805,0.354129
13/09/2025,Everton,Aston Villa,0,0,1.8927,0.354327
13/09/2025,Fulham,Leeds,1,0,1.13979,0.830398
13/09/2025,Brentford,Chelsea,2,2,1.17533,0.755999
13/09/2025,Everton,Aston Villa,0,0,1.8927,0.354327
14/09/2025,Manchester City,Manchester United,3,0,1.99725,1.51915
14/09/2025,Burnley,Liverpool,0,1,0.168041,2.79492
14/09/2025,Manchester City,Manchester United,3,0,1.99725,1.51915
14/09/2025,Burnley,Liverpool,0,1,0.168041,2.79492
20/09/2025,Manchester United,Chelsea,2,1,1.34458,0.469843
20/09/2025,Burnley,Nottingham Forest,1,1,1.14159,0.830779
20/09/2025,Brighton,Tottenham,2,2,1.40466,1.19181
20/09/2025,Wolverhampton Wanderers,Leeds,1,3,1.5661,0.456988
20/09/2025,West Ham,Crystal Palace,1,2,0.466365,2.33565
20/09/2025,Fulham,Brentford,3,1,1.52431,0.826556
20/09/2025,Liverpool,Everton,2,1,1.06166,0.721371
20/09/2025,West Ham,Crystal Palace,1,2,0.466365,2.33565
20/09/2025,Wolverhampton Wanderers,Leeds,1,3,1.5661,0.456988
20/09/2025,Brighton,Tottenham,2,2,1.40466,1.19181
20/09/2025,Burnley,Nottingham Forest,1,1,1.14159,0.830779
20/09/2025,Manchester United,Chelsea,2,1,1.34458,0.469843
20/09/2025,Fulham,Brentford,3,1,1.52431,0.826556
20/09/2025,Liverpool,Everton,2,1,1.06166,0.721371
21/09/2025,Sunderland,Aston Villa,1,1,0.938312,0.939354
21/09/2025,Arsenal,Manchester City,1,1,0.718575,1.1227
21/09/2025,Bournemouth,Newcastle United,0,0,0.55066,0.153629
21/09/2025,Bournemouth,Newcastle United,0,0,0.55066,0.153629
21/09/2025,Sunderland,Aston Villa,1,1,0.938312,0.939354
21/09/2025,Arsenal,Manchester City,1,1,0.718575,1.1227
27/09/2025,Chelsea,Brighton,1,3,2.02653,2.4751
27/09/2025,Brentford,Manchester United,3,1,2.78726,2.23609
27/09/2025,Leeds,Bournemouth,2,2,2.04728,1.06033
27/09/2025,Crystal Palace,Liverpool,2,1,3.53323,3.10176
27/09/2025,Chelsea,Brighton,1,3,2.02653,2.4751
27/09/2025,Crystal Palace,Liverpool,2,1,3.53323,3.10176
27/09/2025,Leeds,Bournemouth,2,2,2.04728,1.06033
27/09/2025,Manchester City,Burnley,5,1,3.22133,0.509491
27/09/2025,Nottingham Forest,Sunderland,0,1,1.4203,1.94154
27/09/2025,Tottenham,Wolverhampton Wanderers,1,1,0.818711,1.15951
27/09/2025,Manchester City,Burnley,5,1,3.22133,0.509491
27/09/2025,Nottingham Forest,Sunderland,0,1,1.4203,1.94154
27/09/2025,Tottenham,Wolverhampton Wanderers,1,1,0.818711,1.15951
27/09/2025,Brentford,Manchester United,3,1,2.78726,2.23609
28/09/2025,Aston Villa,Fulham,3,1,1.36575,0.952612
28/09/2025,Newcastle United,Arsenal,1,2,0.739851,2.07048
28/09/2025,Aston Villa,Fulham,3,1,1.36575,0.952612
28/09/2025,Newcastle United,Arsenal,1,2,0.739851,2.07048
29/09/2025,Everton,West Ham,1,1,0.909703,0.775766
29/09/2025,Everton,West Ham,1,1,0.909703,0.775766
03/10/2025,Bournemouth,Fulham,3,1,1.33458,0.84335
03/10/2025,Bournemouth,Fulham,3,1,1.33458,0.84335
04/10/2025,Leeds,Tottenham,1,2,1.48051,0.688198
04/10/2025,Arsenal,West Ham,2,0,3.0585,0.864549
04/10/2025,Manchester United,Sunderland,2,0,1.9298,0.807119
04/10/2025,Chelsea,Liverpool,2,1,1.23721,2.05981
04/10/2025,Chelsea,Liverpool,2,1,1.23721,2.05981
04/10/2025,Manchester United,Sunderland,2,0,1.9298,0.807119
04/10/2025,Arsenal,West Ham,2,0,3.0585,0.864549
04/10/2025,Leeds,Tottenham,1,2,1.48051,0.688198
05/10/2025,Newcastle United,Nottingham Forest,2,0,3.81662,0.337689
05/10/2025,Everton,Crystal Palace,2,1,2.13876,2.17789
05/10/2025,Brentford,Manchester City,0,1,0.693758,1.09647
05/10/2025,Wolverhampton Wanderers,Brighton,1,1,0.369404,1.39158
05/10/2025,Aston Villa,Burnley,2,1,1.73572,0.502292
05/10/2025,Brentford,Manchester City,0,1,0.693758,1.09647
05/10/2025,Wolverhampton Wanderers,Brighton,1,1,0.369404,1.39158
05/10/2025,Everton,Crystal Palace,2,1,2.13876,2.17789
05/10/2025,Aston Villa,Burnley,2,1,1.73572,0.502292
05/10/2025,Newcastle United,Nottingham Forest,2,0,3.81662,0.337689
18/10/2025,Brighton,Newcastle United,2,1,0.857104,1.28313
18/10/2025,Manchester City,Everton,2,0,2.4799,0.794622
18/10/2025,Crystal Palace,Bournemouth,3,3,4.56284,2.0471
18/10/2025,Burnley,Leeds,2,0,0.509647,2.33152
18/10/2025,Nottingham Forest,Chelsea,0,3,2.0555,2.5583
18/10/2025,Brighton,Newcastle United,2,1,0.857104,1.28313
18/10/2025,Fulham,Arsenal,0,1,0.502332,2.07823
18/10/2025,Sunderland,Wolverhampton Wanderers,2,0,1.02481,0.676323
18/10/2025,Burnley,Leeds,2,0,0.509647,2.33152
18/10/2025,Crystal Palace,Bournemouth,3,3,4.56284,2.0471
18/10/2025,Fulham,Arsenal,0,1,0.502332,2.07823
18/10/2025,Manchester City,Everton,2,0,2.4799,0.794622
18/10/2025,Sunderland,Wolverhampton Wanderers,2,0,1.02481,0.676323
18/10/2025,Nottingham Forest,Chelsea,0,3,2.0555,2.5583
19/10/2025,Liverpool,Manchester United,1,2,2.60972,2.53117
19/10/2025,Liverpool,Manchester United,1,2,2.60972,2.53117
19/10/2025,Tottenham,Aston Villa,1,2,1.51461,0.352231
19/10/2025,Tottenham,Aston Villa,1,2,1.51461,0.352231
20/10/2025,West Ham,Brentford,0,2,0.260251,3.46635
20/10/2025,West Ham,Brentford,0,2,0.260251,3.46635
24/10/2025,Leeds,West Ham,2,1,2.2214,0.498653
24/10/2025,Leeds,West Ham,2,1,2.2214,0.498653
25/10/2025,Chelsea,Sunderland,1,2,1.21332,1.5506
25/10/2025,Newcastle United,Fulham,2,1,2.76806,1.52001
25/10/2025,Brentford,Liverpool,3,2,3.27126,2.11838
25/10/2025,Brentford,Liverpool,3,2,3.27126,2.11838
25/10/2025,Manchester United,Brighton,4,2,1.96231,0.947154
25/10/2025,Newcastle United,Fulham,2,1,2.76806,1.52001
25/10/2025,Chelsea,Sunderland,1,2,1.21332,1.5506
25/10/2025,Manchester United,Brighton,4,2,1.96231,0.947154
26/10/2025,Arsenal,Crystal Palace,1,0,0.856175,0.350534
26/10/2025,Wolverhampton Wanderers,Burnley,2,3,2.58132,1.54544
26/10/2025,Everton,Tottenham,0,3,1.4032,2.09327
26/10/2025,Bournemouth,Nottingham Forest,2,0,0.656601,0.305493
26/10/2025,Arsenal,Crystal Palace,1,0,0.856175,0.350534
26/10/2025,Aston Villa,Manchester City,1,0,0.843906,1.36914
26/10/2025,Wolverhampton Wanderers,Burnley,2,3,2.58132,1.54544
26/10/2025,Everton,Tottenham,0,3,1.4032,2.09327
26/10/2025,Bournemouth,Nottingham Forest,2,0,0.656601,0.305493
26/10/2025,Aston Villa,Manchester City,1,0,0.843906,1.36914
01/11/2025,Brighton,Leeds,3,0,2.64127,0.35919
01/11/2025,Burnley,Arsenal,0,2,0.679177,2.51649
01/11/2025,Crystal Palace,Brentford,2,0,0.734558,0.820498
01/11/2025,Fulham,Wolverhampton Wanderers,3,0,1.91207,0.209934
01/11/2025,Tottenham,Chelsea,0,1,0.146954,3.34251
01/11/2025,Liverpool,Aston Villa,2,0,1.47021,0.43502
01/11/2025,Nottingham Forest,Manchester United,2,2,1.55066,0.91622
01/11/2025,Liverpool,Aston Villa,2,0,1.47021,0.43502
01/11/2025,Tottenham,Chelsea,0,1,0.146954,3.34251
01/11/2025,Nottingham Forest,Manchester United,2,2,1.55066,0.91622
01/11/2025,Fulham,Wolverhampton Wanderers,3,0,1.91207,0.209934
01/11/2025,Crystal Palace,Brentford,2,0,0.734558,0.820498
01/11/2025,Burnley,Arsenal,0,2,0.679177,2.51649
01/11/2025,Brighton,Leeds,3,0,2.64127,0.35919
02/11/2025,Manchester City,Bournemouth,3,1,2.48999,0.899846
02/11/2025,West Ham,Newcastle United,3,1,1.41383,0.523615
02/11/2025,West Ham,Newcastle United,3,1,1.41383,0.523615
02/11/2025,Manchester City,Bournemouth,3,1,2.48999,0.899846
03/11/2025,Sunderland,Everton,1,1,1.18068,1.00741
03/11/2025,Sunderland,Everton,1,1,1.18068,1.00741
08/11/2025,Chelsea,Wolverhampton Wanderers,3,0,3.98342,0.111462
08/11/2025,Chelsea,Wolverhampton Wanderers,3,0,3.98342,0.111462
08/11/2025,Tottenham,Manchester United,2,2,1.35532,0.820256
08/11/2025,Everton,Fulham,2,0,2.30607,0.424478
08/11/2025,West Ham,Burnley,3,2,2.96728,1.87478
08/11/2025,Sunderland,Arsenal,2,2,1.20495,2.32943
08/11/2025,Tottenham,Manchester United,2,2,1.35532,0.820256
08/11/2025,Everton,Fulham,2,0,2.30607,0.424478
08/11/2025,West Ham,Burnley,3,2,2.96728,1.87478
08/11/2025,Sunderland,Arsenal,2,2,1.20495,2.32943
09/11/2025,Aston Villa,Bournemouth,4,0,1.88282,2.00992
09/11/2025,Brentford,Newcastle United,3,1,2.73729,0.432277
09/11/2025,Brentford,Newcastle United,3,1,2.73729,0.432277
09/11/2025,Aston Villa,Bournemouth,4,0,1.88282,2.00992
09/11/2025,Manchester City,Liverpool,3,0,1.59542,1.0281
09/11/2025,Manchester City,Liverpool,3,0,1.59542,1.0281
09/11/2025,Nottingham Forest,Leeds,3,1,2.49097,0.419461
09/11/2025,Crystal Palace,Brighton,0,0,0.839547,0.637037
09/11/2025,Crystal Palace,Brighton,0,0,0.839547,0.637037
09/11/2025,Nottingham Forest,Leeds,3,1,2.49097,0.419461
22/11/2025,Fulham,Sunderland,1,0,2.83729,0.222768
22/11/2025,Burnley,Chelsea,0,2,0.660943,1.72093
22/11/2025,Bournemouth,West Ham,2,2,3.48299,0.390782
22/11/2025,Brighton,Brentford,2,1,0.977488,2.19979
22/11/2025,Fulham,Sunderland,1,0,2.83729,0.222768
22/11/2025,Liverpool,Nottingham Forest,0,3,1.79273,1.19459
22/11/2025,Wolverhampton Wanderers,Crystal Palace,0,2,1.66409,1.44933
22/11/2025,Newcastle United,Manchester City,2,1,2.40555,2.45648
22/11/2025,Burnley,Chelsea,0,2,0.660943,1.72093
22/11/2025,Bournemouth,West Ham,2,2,3.48299,0.390782
22/11/2025,Newcastle United,Manchester City,2,1,2.40555,2.45648
22/11/2025,Wolverhampton Wanderers,Crystal Palace,0,2,1.66409,1.44933
22/11/2025,Liverpool,Nottingham Forest,0,3,1.79273,1.19459
22/11/2025,Brighton,Brentford,2,1,0.977488,2.19979
23/11/2025,Leeds,Aston Villa,1,2,1.84668,1.35978
23/11/2025,Arsenal,Tottenham,4,1,2.27827,0.0300672
23/11/2025,Arsenal,Tottenham,4,1,2.27827,0.0300672
23/11/2025,Leeds,Aston Villa,1,2,1.84668,1.35978
24/11/2025,Manchester United,Everton,0,1,2.2737,0.155063
24/11/2025,Manchester United,Everton,0,1,2.2737,0.155063
29/11/2025,Brentford,Burnley,3,1,3.72106,0.874025
29/11/2025,Manchester City,Leeds,3,2,2.85292,1.75142
29/11/2025,Sunderland,Bournemouth,3,2,1.16955,1.79274
29/11/2025,Everton,Newcastle United,1,4,1.01125,2.45882
29/11/2025,Tottenham,Fulham,1,2,1.04396,0.494736
29/11/2025,Everton,Newcastle United,1,4,1.01125,2.45882
29/11/2025,Sunderland,Bournemouth,3,2,1.16955,1.79274
29/11/2025,Manchester City,Leeds,3,2,2.85292,1.75142
29/11/2025,Brentford,Burnley,3,1,3.72106,0.874025
29/11/2025,Tottenham,Fulham,1,2,1.04396,0.494736
30/11/2025,Crystal Palace,Manchester United,1,2,0,0
30/11/2025,Nottingham Forest,Brighton,0,2,0.960325,2.0572
30/11/2025,Chelsea,Arsenal,1,1,0.791914,1.22828
30/11/2025,Chelsea,Arsenal,1,1,0.791914,1.22828
30/11/2025,West Ham,Liverpool,0,2,0.364152,1.56793
30/11/2025,Aston Villa,Wolverhampton Wanderers,1,0,1.15486,0.692588
30/11/2025,Crystal Palace,Manchester United,1,2,0,0
30/11/2025,Aston Villa,Wolverhampton Wanderers,1,0,1.15486,0.692588
30/11/2025,West Ham,Liverpool,0,2,0.364152,1.56793
30/11/2025,Nottingham Forest,Brighton,0,2,0.960325,2.0572
02/12/2025,Bournemouth,Everton,0,1,0.635415,1.19573
02/12/2025,Fulham,Manchester City,4,5,0.972635,1.96225
02/12/2025,Fulham,Manchester City,4,5,0.972635,1.96225
02/12/2025,Bournemouth,Everton,0,1,0.635415,1.19573
02/12/2025,Newcastle United,Tottenham,2,2,1.88558,1.05205
02/12/2025,Newcastle United,Tottenham,2,2,1.88558,1.05205
